BusinessTravel,DailyRate,DistanceFromHome,HourlyRate,JobInvolvement,JobSatisfaction,MaritalStatus,MonthlyIncome,MonthlyRate,OverTime,PercentSalaryHike,PerformanceRating,RelationshipSatisfaction,WorkLifeBalance,YearsAtCompany,YearsInCurrentRole,YearsSinceLastPromotion,YearsWithCurrManager
1,1102,1,94,3,4,0,5993,19479,1,11,3,1,1,6,4,0,5
2,279,8,61,2,2,1,5130,24907,0,23,4,4,3,10,7,1,7
1,1373,2,92,2,3,0,2090,2396,1,15,3,2,3,0,0,0,0
2,1392,3,56,3,3,1,2909,23159,1,11,3,3,3,8,7,3,0
1,591,2,40,3,2,1,3468,16632,0,12,3,4,3,2,2,2,2
2,1005,2,79,3,4,0,3068,11864,0,13,3,3,2,7,7,3,6
1,1324,3,81,4,1,1,2670,9964,1,20,4,1,2,1,0,0,0
1,1358,24,67,3,3,2,2693,13335,0,22,4,2,3,1,0,0,0
2,216,23,44,2,3,0,9526,8787,0,21,4,2,3,9,7,1,8
1,1299,27,94,3,3,1,5237,16577,0,13,3,2,2,7,7,7,7
1,809,16,84,4,2,1,2426,16479,0,13,3,3,3,5,4,0,3
1,153,15,49,2,3,0,4193,12682,1,12,3,4,3,9,5,0,8
1,670,26,31,3,3,2,2911,15170,0,17,3,4,2,5,2,4,3
1,1346,19,93,3,4,2,2661,8758,0,11,3,3,3,2,2,1,2
1,103,24,50,2,3,0,2028,12947,1,14,3,2,3,4,2,0,3
1,1389,21,51,4,1,2,9980,10195,0,11,3,3,3,10,9,8,8
1,334,5,80,4,2,2,3298,15053,1,12,3,4,2,6,2,0,5
0,1123,16,96,4,4,2,2935,7324,1,13,3,2,2,1,0,0,0
1,1219,2,78,2,4,1,15427,22021,0,16,3,3,3,25,8,3,7
1,371,2,45,3,4,0,3944,4306,1,11,3,3,3,3,2,1,2
0,673,11,96,4,3,2,4011,8232,0,18,3,4,2,4,2,1,3
1,1218,9,82,2,1,0,3407,6986,0,23,4,2,3,5,3,0,3
1,419,7,53,3,2,0,11994,21293,0,11,3,3,3,12,6,2,11
1,391,15,96,3,4,0,1232,19281,0,14,3,4,3,0,0,0,0
1,699,6,83,3,1,0,2960,17102,0,11,3,3,3,4,2,1,3
1,1282,5,58,3,3,2,19094,10735,0,11,3,4,2,14,13,4,8
2,1125,16,72,1,1,0,3919,4681,1,22,4,2,3,10,2,6,7
1,691,8,48,3,2,1,6825,21173,0,11,3,4,3,9,7,4,2
1,477,7,42,2,4,1,10248,2094,0,14,3,4,3,22,6,5,17
1,705,2,83,3,1,0,18947,22822,0,12,3,4,2,2,2,2,1
1,924,2,78,3,4,0,2496,6670,0,11,3,4,3,1,1,0,0
1,1459,10,41,3,4,1,6465,19121,1,13,3,4,4,4,2,1,3
1,125,9,83,2,3,0,2206,16117,0,13,3,1,3,10,0,1,8
1,895,5,56,3,4,1,2086,3335,0,14,3,3,4,1,0,0,0
1,813,1,61,3,4,1,2293,3020,1,16,3,1,2,2,0,2,0
1,1273,2,72,4,3,2,2645,21923,0,12,3,4,2,5,3,1,4
1,869,3,86,2,3,1,2683,3810,1,14,3,3,3,3,2,0,2
1,890,2,97,3,4,1,2014,9687,0,13,3,1,3,2,2,2,2
1,852,5,82,2,1,1,3419,13072,1,14,3,4,4,1,1,0,0
2,1141,1,42,4,1,1,5376,3193,0,19,3,1,3,5,3,1,3
1,464,4,75,3,4,2,1951,10910,0,12,3,3,3,1,0,0,0
1,1240,2,33,3,1,2,2341,19715,0,13,3,4,3,1,0,0,0
1,1357,25,48,1,3,0,2293,10558,0,12,3,3,2,1,0,0,1
2,994,8,37,3,3,0,8726,2975,0,15,3,4,3,9,8,1,7
2,721,1,58,3,4,0,4011,10781,0,23,4,4,3,12,8,3,7
1,1360,12,49,3,3,1,19545,16280,0,12,3,4,3,22,15,15,8
0,1065,23,72,3,3,0,4568,10034,0,20,4,3,3,9,5,8,7
1,408,19,73,3,2,1,3022,10227,0,21,4,1,3,1,0,0,0
2,1211,5,98,3,4,0,5772,20445,1,21,4,3,3,9,6,0,8
1,1229,8,36,4,4,1,2269,4892,0,19,3,4,3,1,0,0,1
1,626,1,98,2,3,0,5381,19294,1,13,3,4,3,1,0,0,0
1,1434,5,50,3,3,0,3441,11179,1,13,3,3,2,2,2,2,2
1,1488,1,75,3,1,2,5454,4009,1,21,4,3,2,4,3,1,3
0,1097,11,79,2,1,1,9884,8302,1,13,3,3,3,4,0,2,3
1,1443,23,47,2,4,1,4157,21436,1,19,3,3,2,2,2,0,0
2,515,1,98,3,4,0,13458,15146,1,12,3,3,3,15,14,8,12
2,853,18,71,3,1,1,9069,11031,0,22,4,4,2,9,8,1,8
1,1142,23,30,3,1,1,4014,16002,1,15,3,3,3,2,2,2,2
1,655,7,48,3,4,2,5915,9528,0,22,4,4,2,7,7,1,7
1,1115,1,51,2,3,2,5993,2689,0,18,3,3,4,7,5,0,7
1,427,1,33,3,4,1,6162,10877,1,22,4,2,3,9,8,7,8
2,653,29,50,3,4,0,2406,5456,0,11,3,4,3,10,3,9,9
1,989,7,43,2,3,2,18740,16701,1,12,3,4,2,27,3,13,8
1,1435,25,99,3,1,0,7637,2354,0,11,3,4,2,21,16,7,9
1,1223,8,59,3,3,2,10096,8202,0,13,3,2,3,17,14,12,8
1,836,8,33,3,3,2,14756,19730,1,14,3,3,3,5,0,0,2
2,1195,11,95,2,2,0,6499,22656,0,13,3,3,3,6,5,0,3
1,1339,7,59,3,1,2,9724,18787,0,17,3,3,3,1,0,0,0
2,664,1,79,3,1,1,2194,5868,0,13,3,4,2,3,2,1,2
1,318,9,79,2,3,1,3388,21777,1,17,3,1,2,1,0,0,0
2,1225,1,57,2,3,0,5473,24668,0,11,3,4,2,4,3,1,3
1,1328,2,76,3,2,1,2703,4956,0,23,4,4,3,5,4,0,4
1,1082,1,87,3,2,0,2501,18775,0,17,3,2,3,1,1,1,0
1,548,1,66,3,2,1,6220,7346,0,17,3,2,3,10,4,0,9
1,132,6,55,4,4,1,3038,22002,0,12,3,2,3,1,0,0,0
1,746,8,61,3,4,0,4424,20682,0,23,4,4,3,11,7,1,8
1,776,1,32,2,1,0,4312,23016,0,14,3,2,3,15,13,2,8
1,193,6,52,3,1,1,13245,15067,1,14,3,2,4,0,0,0,0
1,397,7,30,3,3,0,13664,25258,0,13,3,1,4,5,2,0,2
1,945,5,80,3,2,2,5021,10425,1,22,4,4,3,4,2,0,2
1,852,1,55,2,4,1,5126,15998,1,12,3,3,2,10,8,3,0
1,1214,1,30,2,3,0,2859,26278,0,18,3,1,3,6,4,0,4
1,111,1,70,3,4,1,10239,18092,0,14,3,4,3,1,0,1,0
0,573,6,79,1,4,2,5329,15717,1,12,3,4,3,13,11,1,9
1,1153,1,94,3,2,1,4325,17736,0,15,3,3,3,5,2,1,3
1,1400,7,49,1,4,0,7260,21698,0,11,3,1,2,6,4,0,2
1,541,2,62,3,1,2,2322,9518,0,13,3,3,3,0,0,0,0
1,432,9,96,3,4,1,2075,18725,0,23,4,2,3,4,2,0,3
1,288,2,99,2,4,1,4152,15830,0,19,3,1,3,11,10,10,8
1,669,9,64,2,4,0,9619,13596,0,16,3,4,3,9,8,4,7
2,530,1,78,2,2,1,13503,14115,0,22,4,4,2,22,3,11,11
1,632,21,71,3,4,0,5441,8423,1,22,4,4,1,10,7,1,0
1,1334,4,63,2,2,2,5209,19760,1,12,3,2,2,11,8,2,7
2,638,1,40,2,1,1,10673,3142,1,13,3,3,2,10,9,9,5
1,1093,6,87,3,3,0,5010,24301,0,16,3,1,3,11,8,5,7
1,1217,2,60,3,3,1,13549,24001,0,12,3,1,1,4,3,0,3
1,1353,3,33,3,3,1,4999,17519,0,21,4,1,2,3,2,0,2
0,120,4,43,3,3,1,4221,8863,0,15,3,2,4,5,4,0,4
1,682,10,37,3,3,0,13872,24409,0,13,3,3,2,37,10,1,8
0,489,23,67,3,2,1,2042,25043,0,12,3,3,4,3,2,1,2
1,807,6,63,3,1,2,2073,23648,1,22,4,4,3,3,2,0,2
1,827,1,71,3,1,0,2956,15178,0,13,3,4,3,1,0,0,0
2,871,6,66,2,4,0,2926,19783,1,18,3,2,3,1,0,1,0
1,665,6,41,3,3,0,4809,12482,0,14,3,3,3,16,13,2,10
0,1040,2,100,2,4,2,5163,15850,0,14,3,4,4,1,0,0,0
0,1420,2,32,2,4,1,18844,21922,0,21,4,4,3,3,2,2,2
2,1115,1,73,3,2,1,18172,9755,1,19,3,1,2,8,3,0,7
1,240,5,46,2,3,0,5744,26959,1,11,3,4,3,6,4,0,3
1,1280,7,64,2,4,1,2889,26897,0,11,3,3,3,2,2,2,1
1,534,15,59,3,4,0,2871,23785,0,15,3,3,3,0,0,0,0
2,1456,1,30,2,1,0,7484,25796,0,20,4,3,2,13,12,12,8
2,658,7,66,1,3,0,6074,22887,1,24,4,4,3,9,7,0,6
0,142,26,30,4,4,0,17328,13871,1,12,3,3,3,5,3,4,4
1,1127,18,52,3,3,1,2774,13257,0,12,3,3,3,5,3,1,2
1,1031,6,45,2,2,2,4505,15000,0,15,3,3,3,1,0,0,0
1,1189,3,87,3,4,0,7428,14506,0,12,3,1,3,5,3,1,3
1,1354,5,45,2,1,0,11631,5615,0,12,3,4,3,11,10,5,8
2,1467,11,92,3,4,1,9738,22952,0,14,3,3,3,9,7,2,8
1,922,3,39,3,4,2,2835,2561,0,22,4,1,3,1,0,0,0
2,394,26,92,3,4,1,16959,19494,1,12,3,4,4,25,12,4,12
2,1312,23,96,1,3,2,2613,22310,0,25,4,3,2,10,7,0,9
0,750,22,95,3,2,1,6146,15480,0,13,3,1,4,7,7,0,7
1,441,14,72,3,2,1,4963,4510,1,18,3,1,3,5,4,4,3
1,684,6,51,3,3,0,19537,6462,0,13,3,3,3,20,18,15,15
1,249,6,76,1,3,1,6172,20739,1,18,3,2,2,7,7,7,7
1,841,6,46,2,2,1,2368,23300,0,19,3,3,2,5,4,4,3
1,147,23,94,3,4,1,10312,3465,0,12,3,4,2,40,10,15,6
1,528,22,50,3,3,0,1675,26820,1,19,3,4,2,0,0,0,0
1,594,2,100,3,4,1,2523,19299,0,14,3,3,3,2,1,2,1
1,470,20,96,3,1,1,6567,5549,0,14,3,3,2,15,11,5,11
2,957,28,72,4,3,0,4739,16090,0,12,3,4,3,3,2,1,2
2,809,12,77,3,4,0,9208,6645,0,11,3,4,3,2,2,2,1
1,542,20,71,1,3,1,4559,24788,1,11,3,3,3,2,2,2,2
1,802,9,96,3,3,2,8189,21196,1,13,3,3,3,9,7,0,7
1,1355,25,61,3,3,1,2942,8916,0,23,4,4,3,8,7,5,7
1,216,6,84,3,2,2,4941,2819,0,20,4,4,3,3,2,0,1
2,1150,8,53,1,4,0,10650,25150,0,15,3,4,3,4,2,0,3
1,1329,4,47,2,3,1,5902,14590,0,14,3,3,4,15,11,5,9
1,959,28,41,2,3,1,8639,24835,0,18,3,4,3,2,2,2,2
1,1240,9,48,3,4,1,6347,13982,1,19,3,4,1,11,9,4,7
1,1033,9,41,3,1,0,4200,10224,0,22,4,1,4,5,4,0,4
1,1316,29,83,3,4,0,3452,9752,0,13,3,2,2,6,5,0,3
1,364,3,32,3,3,0,4317,2302,1,20,4,2,3,3,2,2,2
1,438,18,75,3,3,0,2632,23910,0,14,3,3,2,5,4,0,4
2,689,9,35,1,4,2,4668,22812,0,17,3,4,4,8,7,0,7
1,201,5,84,3,1,2,3204,10415,0,14,3,4,3,3,2,2,2
1,1427,2,35,2,4,0,2720,11162,0,13,3,4,3,5,3,1,2
2,857,10,91,2,1,2,17181,12888,0,13,3,2,2,7,6,7,7
1,933,9,94,3,1,1,2238,6961,0,21,4,4,3,5,0,1,4
1,1181,3,79,3,2,0,1483,16102,0,14,3,4,3,1,0,0,0
2,1395,26,54,3,2,2,5605,8504,0,11,3,1,3,20,7,2,13
1,662,1,94,3,2,1,7295,11439,0,13,3,1,3,10,8,0,6
1,1436,6,34,3,3,1,2306,16047,1,20,4,4,1,7,7,4,5
1,194,9,60,3,2,2,2348,10901,0,18,3,3,1,17,9,0,15
2,967,8,43,3,4,0,8998,15589,0,14,3,4,3,9,8,3,7
0,1496,1,41,3,3,1,4319,26283,0,13,3,1,3,10,7,0,9
1,1169,7,34,2,3,1,6132,13983,0,17,3,3,3,1,0,0,0
1,1145,9,75,2,2,1,3346,11873,1,20,4,2,2,1,0,0,0
1,630,4,67,2,4,1,10855,8552,0,11,3,1,2,12,11,2,11
2,303,2,75,3,3,1,2231,11314,0,18,3,4,3,4,3,1,2
1,1256,19,80,3,4,1,2323,11992,0,24,4,1,3,2,2,2,2
0,691,9,57,3,2,2,2024,5970,0,18,3,4,1,2,2,2,2
1,440,21,42,3,4,1,2713,6672,0,11,3,3,1,5,2,0,2
1,334,24,83,4,4,2,9439,23402,1,16,3,2,1,5,3,1,4
0,1450,3,79,2,3,2,2566,25326,1,15,3,4,2,1,1,0,1
1,1452,11,53,3,2,0,19926,17053,0,15,3,2,3,5,4,4,4
1,465,14,56,3,3,2,2451,4609,0,12,3,1,3,9,8,1,8
1,1339,5,41,3,4,1,9419,8053,0,12,3,3,3,10,9,7,4
1,702,1,59,2,4,0,8686,12930,0,22,4,3,4,8,3,0,7
1,120,6,43,3,3,0,3038,12430,0,20,4,1,3,5,4,1,4
1,1157,17,51,3,2,1,3058,13364,1,16,3,4,2,5,2,1,1
2,602,1,100,1,1,0,2325,20989,0,21,4,1,4,0,0,0,0
2,1480,3,30,3,2,0,2088,15062,0,12,3,3,2,8,7,7,2
0,111,9,66,3,1,2,3072,11012,0,11,3,3,3,12,9,6,10
1,1268,4,30,3,1,2,5006,6319,1,11,3,1,4,5,4,0,3
1,713,8,67,3,1,2,4257,13939,1,18,3,3,3,2,2,2,2
1,134,2,90,3,4,0,2500,10515,0,14,3,1,4,3,1,0,2
1,303,2,47,2,4,0,1102,9241,0,22,4,3,2,1,0,1,0
1,526,1,92,3,1,2,10453,2137,0,25,4,3,3,24,13,15,7
1,1380,9,75,3,4,0,2288,6319,0,12,3,3,3,2,2,2,1
1,140,12,95,3,4,1,3929,6984,1,23,4,3,3,4,2,0,2
1,629,27,95,3,2,0,2311,5711,0,15,3,4,3,3,2,1,2
1,1356,20,70,3,2,0,3140,21728,1,22,4,4,2,4,3,0,2
1,328,1,86,2,3,1,3690,3425,0,15,3,4,2,3,2,0,2
1,1084,13,57,4,1,2,4450,26250,0,11,3,3,3,4,2,1,3
1,931,14,72,3,2,1,2756,4673,0,13,3,4,3,8,7,1,6
1,989,4,46,3,3,1,19033,6499,0,14,3,2,3,20,8,9,9
1,692,14,61,4,2,0,18722,13339,0,11,3,4,3,24,15,2,15
2,1069,2,45,2,3,1,9547,14074,0,17,3,3,2,10,9,1,9
1,313,3,98,3,2,0,13734,7192,0,18,3,3,3,7,7,1,0
1,699,1,65,2,3,1,19999,5678,0,14,3,1,3,33,18,11,9
1,894,9,99,3,2,0,2279,11781,0,16,3,4,2,7,7,0,3
1,556,23,50,2,3,1,5916,15497,1,13,3,1,3,1,0,0,1
0,1344,7,37,4,4,2,2089,5228,0,14,3,4,4,5,4,2,2
0,1195,2,65,2,4,1,16792,20462,0,23,4,4,3,20,8,11,8
1,290,21,65,4,1,1,3564,22977,1,12,3,1,2,8,7,1,7
2,138,2,37,3,2,0,4425,15986,0,11,3,4,3,6,2,1,2
0,926,21,36,3,3,2,5265,16439,0,16,3,2,3,5,3,0,2
1,1261,2,88,3,3,1,6553,7259,0,14,3,2,3,1,0,0,0
1,1084,29,54,3,4,1,6261,4185,0,18,3,1,1,7,7,1,7
2,472,1,60,2,1,1,4298,9679,0,19,3,3,3,2,2,2,0
0,1002,18,92,3,4,2,6804,23793,1,15,3,1,3,7,7,1,7
2,878,10,43,3,3,2,3815,5972,1,17,3,4,4,5,3,2,0
1,905,19,99,3,4,1,2741,16523,1,15,3,3,4,7,2,3,7
1,1180,29,70,3,1,1,6673,11354,1,19,3,2,3,1,0,0,0
1,121,27,35,3,4,1,7639,24525,0,22,4,4,2,10,4,1,9
1,1136,5,60,4,2,2,2328,12392,1,16,3,1,2,4,2,2,2
2,635,18,73,3,4,0,2153,7703,0,13,3,1,3,8,1,1,7
0,1151,9,63,2,4,1,4876,14242,0,14,3,4,1,3,2,0,2
1,644,1,97,3,1,2,9396,12368,0,16,3,3,3,4,2,0,3
1,1045,4,32,1,4,1,10400,25812,0,11,3,3,2,14,8,9,8
0,829,1,88,2,3,0,8474,20925,0,22,4,3,3,11,8,5,8
2,1242,20,90,3,3,0,9981,12916,0,14,3,4,3,7,7,0,7
1,1469,8,81,2,2,1,12490,15736,0,16,3,4,1,10,9,4,7
1,1005,3,88,3,1,0,2657,8556,1,11,3,3,3,5,2,0,4
1,896,6,75,3,4,0,13591,14674,1,18,3,3,3,1,0,0,0
2,334,26,52,2,1,0,6696,22967,0,15,3,3,2,6,3,0,1
1,992,1,85,3,3,0,2058,19757,0,14,3,4,2,6,2,1,5
0,1052,6,57,2,4,0,8865,16840,0,12,3,4,3,19,7,12,8
1,1147,3,52,3,1,1,5940,17011,0,14,3,4,3,6,2,0,5
1,1396,5,62,3,2,0,5914,9945,0,16,3,4,4,13,11,3,7
1,147,4,47,2,2,1,2622,13248,0,21,4,4,3,3,2,1,1
2,663,11,47,3,4,2,12185,10056,1,14,3,3,3,10,8,0,7
1,119,3,76,3,3,2,10609,9647,0,12,3,3,2,16,10,5,13
0,979,1,90,1,3,1,4345,4381,0,12,3,4,3,5,4,1,4
1,142,3,70,2,4,1,2177,8456,0,17,3,1,3,1,0,0,0
2,319,4,41,3,4,2,2793,2539,0,17,3,3,3,9,8,5,8
2,1413,1,42,3,4,1,7918,6599,0,14,3,4,3,11,10,4,1
2,944,1,92,3,3,0,8789,9096,0,14,3,1,4,10,7,0,8
1,896,18,86,2,4,0,2389,14961,1,13,3,3,2,4,3,0,1
1,1323,2,89,2,4,0,3212,3300,0,15,3,2,2,2,2,2,2
1,532,4,58,3,4,1,19232,4933,0,11,3,4,3,22,17,11,15
1,818,6,52,3,3,1,2267,25657,0,17,3,4,2,2,2,2,2
1,854,1,68,3,4,2,19517,24118,0,11,3,3,2,7,0,0,6
1,813,14,58,3,4,1,2436,22149,1,13,3,3,1,5,4,0,4
1,1034,16,80,3,4,1,16064,7744,1,22,4,3,3,17,13,1,9
1,465,2,39,3,1,1,2707,21509,0,20,4,1,4,9,7,1,7
0,771,2,79,2,3,0,19068,21030,1,18,3,4,4,33,7,15,12
1,1401,4,56,3,2,1,3931,20990,0,11,3,1,3,4,3,1,2
1,515,1,62,2,3,0,3730,9571,1,14,3,4,1,3,2,1,2
1,1431,1,96,3,3,2,2232,15417,0,14,3,3,3,3,2,1,2
0,976,26,100,3,4,1,4465,12069,0,18,3,1,3,3,2,2,2
1,1411,19,36,3,1,2,3072,19877,0,16,3,1,2,1,0,0,0
1,1300,24,62,3,4,2,3319,24447,0,17,3,1,3,9,8,4,7
1,252,1,70,4,4,1,19202,15970,0,11,3,3,3,24,0,1,7
2,1327,3,73,3,3,2,13675,13523,0,12,3,1,3,2,2,2,2
1,832,5,63,2,4,1,2911,14776,0,13,3,3,2,2,2,0,2
1,470,2,84,2,1,1,5957,23687,0,13,3,2,3,11,9,5,9
1,1017,1,83,2,1,1,3920,18697,0,14,3,1,2,3,1,0,2
2,1199,7,77,4,3,1,6434,5118,0,17,3,4,3,3,2,0,2
2,504,10,61,3,3,2,10048,22573,0,11,3,2,3,1,0,0,0
2,505,2,64,3,3,0,10938,6420,0,25,4,4,3,19,6,11,8
1,665,15,60,3,4,0,2340,22673,0,19,3,1,3,6,5,1,5
1,916,17,82,4,1,0,6545,23016,1,13,3,3,3,3,2,0,2
1,1247,20,45,3,4,2,6931,10732,0,14,3,4,3,3,2,0,2
1,685,1,62,3,3,1,4898,7505,0,12,3,4,3,4,2,1,2
1,269,2,56,2,1,2,2593,8007,1,11,3,3,3,9,6,7,8
1,1416,2,49,3,3,2,19436,5949,0,19,3,4,3,21,7,3,9
1,833,1,96,3,4,1,2723,23231,0,11,3,2,2,1,0,0,0
2,307,29,71,2,2,0,3479,11652,0,11,3,2,4,5,4,1,4
2,1311,7,100,4,2,1,2794,26062,0,20,4,3,1,5,1,0,3
0,1327,2,39,2,4,1,5249,19682,0,18,3,4,3,8,7,7,5
1,128,2,84,2,1,0,2176,19737,0,13,3,4,3,6,2,0,4
1,488,2,75,1,2,1,16872,14977,1,12,3,2,2,7,7,7,7
1,529,2,79,3,3,0,3485,14935,0,11,3,3,1,0,0,0,0
1,1210,2,78,2,2,1,6644,3687,0,19,3,2,3,0,0,0,0
1,1463,23,64,2,4,1,5582,14408,0,21,4,2,3,9,0,7,8
0,675,5,85,4,1,2,4000,18384,0,12,3,4,3,6,3,1,5
1,1385,20,79,3,4,1,13496,7501,1,14,3,2,3,20,7,4,10
1,1403,6,47,3,4,1,3210,20251,0,11,3,3,3,15,13,10,11
1,452,1,81,3,1,0,19045,18938,1,14,3,3,3,36,10,4,13
0,666,29,88,3,2,1,11849,10268,1,12,3,4,2,10,7,9,9
1,1158,9,94,3,4,1,2070,2613,0,23,4,4,2,5,2,0,4
1,228,6,98,3,4,1,6502,22825,0,14,3,2,4,5,4,0,1
1,996,3,100,2,3,0,3230,10531,0,17,3,1,4,3,2,1,0
0,728,1,80,3,4,2,13603,11677,1,18,3,1,3,5,2,0,2
1,1315,22,71,4,2,2,11996,19100,0,18,3,2,2,7,7,6,2
1,322,7,44,4,1,2,5605,19191,1,24,4,3,3,8,0,7,7
2,1479,1,84,3,2,2,6397,26767,0,20,4,1,1,6,5,1,4
1,797,4,96,3,2,2,19144,15815,0,14,3,1,2,10,4,1,6
1,1070,3,45,3,3,1,17584,21016,1,16,3,4,2,5,3,1,3
1,635,1,99,3,3,1,4907,24532,0,25,4,3,3,20,16,11,6
2,442,2,44,3,4,0,4554,20260,0,18,3,1,2,10,7,0,9
1,147,20,37,3,4,1,5415,15972,1,19,3,4,3,10,7,0,8
2,496,11,60,3,1,1,4741,22722,1,13,3,3,3,5,3,3,3
1,1372,1,42,3,4,0,2115,15881,0,12,3,2,3,17,12,5,7
2,920,24,43,3,3,2,3161,19920,1,22,4,4,1,1,0,0,0
1,688,23,82,3,4,2,5745,18899,0,14,3,2,3,2,2,1,2
1,1449,16,45,3,2,2,2373,14180,1,13,3,4,3,3,2,0,2
1,1117,8,66,3,4,0,3310,4488,0,21,4,4,3,5,3,0,2
2,636,10,35,3,1,0,18665,25594,1,11,3,4,3,3,2,1,2
1,506,3,30,3,2,0,4485,26285,0,12,3,4,3,8,0,7,7
2,444,5,84,3,2,2,2789,3909,0,11,3,3,2,2,2,2,2
1,950,4,48,2,4,0,5828,8450,1,12,3,2,3,8,7,7,4
2,889,9,53,3,4,1,2326,11411,1,12,3,3,2,4,2,1,2
2,555,26,77,3,2,1,13525,14864,0,14,3,4,4,20,4,4,8
1,230,3,54,3,3,0,1420,25233,0,13,3,3,3,0,0,0,0
1,1232,16,96,3,2,1,8020,5100,0,15,3,3,2,11,9,6,9
2,566,18,81,4,4,1,3688,7122,0,18,3,4,3,1,0,0,0
1,1302,2,84,1,2,2,5482,16321,0,18,3,4,3,4,1,1,2
1,334,2,88,3,2,0,16015,15896,0,19,3,2,3,22,10,0,4
1,812,10,69,2,3,0,1200,9724,0,12,3,1,3,0,0,0,0
1,1476,16,68,4,1,0,5661,4824,0,19,3,3,3,8,3,0,7
1,218,7,100,4,4,1,6929,12241,0,11,3,2,2,8,7,7,7
1,1132,1,48,4,4,2,9613,10942,0,17,3,1,2,18,10,3,7
0,1105,24,47,3,2,1,5674,6927,0,15,3,3,3,9,8,0,8
1,906,7,91,2,3,1,5484,16985,0,14,3,3,2,13,8,4,8
1,849,25,81,2,2,1,12061,26707,0,17,3,3,3,10,8,0,1
0,390,1,32,1,3,2,5660,17056,1,13,3,4,3,5,3,1,2
1,691,5,86,3,4,1,4821,10077,1,12,3,3,3,5,2,0,3
1,106,2,62,2,1,1,6410,17822,0,12,3,4,3,2,2,1,0
2,1249,7,97,3,1,2,5210,20308,0,18,3,1,3,24,9,9,11
1,192,2,32,3,4,2,2695,7747,1,18,3,2,1,2,2,2,2
2,553,5,74,3,2,1,11878,23364,0,11,3,2,3,10,6,8,8
1,117,10,99,3,1,1,17068,5355,1,14,3,4,3,21,9,11,10
2,185,10,33,3,4,0,2455,10675,0,19,3,1,3,8,7,1,7
1,1091,1,90,2,3,0,13964,17810,1,12,3,4,3,7,1,0,7
1,723,8,85,2,2,1,4941,17747,0,15,3,1,2,8,2,7,7
1,1220,5,85,3,2,0,2478,20938,1,12,3,2,2,4,3,1,2
1,588,8,65,2,2,1,5228,24624,1,11,3,4,3,13,12,11,9
1,1377,2,74,3,3,0,4478,5242,1,11,3,1,3,5,4,0,4
1,691,7,73,3,4,2,7547,7143,0,12,3,4,3,7,7,1,7
1,1018,2,74,4,4,0,5055,10557,0,16,3,3,2,7,7,0,7
1,1157,2,84,1,4,1,3464,24737,1,13,3,4,2,3,2,2,2
1,1275,28,64,3,4,1,5775,11934,0,13,3,4,3,10,8,1,9
2,798,7,48,2,3,1,8943,14034,0,24,4,1,3,10,9,8,9
2,672,7,54,2,4,1,19272,21141,0,15,3,1,3,21,9,13,3
1,1162,3,41,3,3,1,5238,17778,1,18,3,1,2,1,0,0,0
2,508,10,46,2,4,0,4682,4317,0,14,3,3,2,7,7,0,1
1,1482,5,42,3,3,1,18300,16375,0,11,3,2,3,3,2,1,1
2,559,10,82,2,3,2,5257,6227,0,11,3,2,4,9,7,0,0
0,210,1,73,3,2,1,6349,22107,1,13,3,4,3,5,4,1,4
2,928,20,31,3,3,0,4869,16885,0,12,3,4,2,4,3,0,3
1,1001,7,43,3,1,1,9985,9262,0,16,3,1,2,1,0,0,0
1,549,8,75,3,4,1,3697,9278,0,14,3,1,3,10,9,9,8
1,1124,1,57,1,4,1,7457,13273,1,22,4,3,2,4,3,0,2
1,318,8,77,1,1,1,2119,4759,1,11,3,4,2,7,7,0,7
1,738,9,30,2,4,0,3983,7621,0,17,3,3,3,3,2,2,2
1,570,5,30,2,3,2,6118,5431,0,13,3,3,3,10,9,1,2
1,1130,8,56,3,2,1,6214,3415,0,18,3,1,3,8,7,0,7
1,1192,5,61,3,4,2,6347,23177,0,16,3,3,2,6,2,0,4
1,343,15,92,2,4,2,11510,15682,1,14,3,2,3,11,10,2,9
1,1232,7,39,3,4,0,7143,25713,1,14,3,3,2,11,9,4,10
1,144,10,39,2,2,2,8268,11866,1,14,3,1,3,7,7,1,7
1,1296,5,62,3,2,0,8095,18264,0,13,3,4,3,16,6,0,13
1,1309,26,83,3,4,2,2904,16092,0,12,3,3,2,4,2,0,2
1,483,6,95,2,2,0,6032,10110,1,15,3,4,3,5,4,1,2
2,1309,4,99,3,3,0,2976,25751,0,19,3,1,3,0,0,0,0
1,810,23,44,3,4,0,15992,15901,0,14,3,2,3,1,0,0,0
0,746,2,61,3,3,1,4649,16928,0,14,3,1,2,4,3,0,2
1,544,2,52,3,3,2,2696,24017,1,11,3,3,3,3,2,1,0
1,1062,2,75,3,2,1,2370,3956,0,13,3,3,3,8,0,0,7
1,530,29,91,3,3,1,12504,23978,0,21,4,2,1,0,0,0,0
1,1319,6,51,4,1,2,5974,17001,1,13,3,1,3,7,7,6,7
0,641,25,85,3,3,1,4736,6069,1,12,3,2,4,2,2,2,2
1,933,1,57,3,3,1,5296,20156,0,17,3,2,3,8,7,7,7
1,1332,2,98,2,4,0,6781,17078,0,23,4,2,3,1,0,0,0
2,756,1,99,2,2,0,2174,9150,1,11,3,3,3,3,2,1,2
0,845,1,45,3,4,0,6653,15276,0,15,3,2,3,1,0,0,0
2,541,3,48,2,4,1,9699,7246,0,11,3,1,3,13,9,1,12
1,593,1,88,3,3,1,6755,2967,0,11,3,3,3,3,2,1,2
1,1171,10,46,4,3,1,2213,22495,1,13,3,3,3,7,7,1,7
0,895,9,39,3,4,0,2610,2851,0,24,4,3,2,3,2,2,2
1,350,5,34,3,3,0,2851,9150,1,13,3,2,3,1,0,0,0
1,921,10,98,3,1,1,3452,17663,0,20,4,2,3,5,4,0,3
0,1144,7,30,3,3,1,5258,16044,0,14,3,3,4,1,0,0,0
2,143,4,56,3,2,0,9355,9558,0,18,3,3,3,8,7,7,7
1,1046,10,100,2,4,0,10496,2755,0,15,3,4,3,4,3,1,3
1,575,22,68,2,3,1,6380,6110,1,12,3,1,3,6,4,1,0
1,408,9,42,2,2,0,2657,7551,1,16,3,4,3,2,2,2,2
1,156,12,90,4,2,0,2716,25422,0,15,3,4,3,1,0,0,0
1,1283,23,54,3,4,0,2201,18168,0,16,3,4,3,3,2,1,2
1,755,9,97,2,2,0,6540,19394,0,19,3,3,3,1,1,0,0
1,1469,1,82,3,2,2,3816,17881,0,11,3,2,3,5,2,0,4
1,304,9,92,3,4,0,5253,20750,0,16,3,4,3,7,5,0,7
1,1261,7,31,2,3,0,10965,12066,0,24,4,3,3,5,2,0,0
1,1178,14,87,3,4,1,4936,14862,0,11,3,3,2,7,7,0,7
1,329,2,96,3,3,1,2543,11868,0,13,3,2,3,2,2,2,2
0,1362,19,67,4,4,0,5304,4652,1,13,3,2,2,5,2,0,4
1,1311,2,97,3,4,0,16659,23258,1,13,3,3,3,5,4,1,2
1,1371,10,77,3,3,2,4260,5915,1,12,3,4,4,5,2,0,3
1,202,2,72,3,2,1,2476,17434,0,18,3,1,3,1,0,0,0
2,575,3,73,3,1,0,3102,6582,0,22,4,3,3,6,4,0,4
1,253,11,43,3,2,1,2244,24440,0,13,3,4,3,2,1,1,2
1,164,2,61,2,3,1,7596,3809,0,13,3,2,3,10,9,9,0
2,464,4,40,3,4,0,2285,3427,1,23,4,3,3,1,0,0,0
1,1107,14,95,3,1,2,3034,26914,0,12,3,3,2,18,7,12,17
1,759,2,46,3,2,2,5715,22553,0,12,3,3,3,5,4,1,3
1,201,1,95,3,1,2,2576,20490,0,16,3,2,3,5,2,1,2
1,1305,10,49,3,2,0,4197,21123,1,12,3,4,2,1,0,0,1
1,982,12,59,2,2,2,14336,4345,0,11,3,3,3,25,10,3,9
1,555,2,78,2,3,1,3448,13436,0,22,4,2,3,1,0,0,0
1,821,5,86,3,1,1,19406,8509,0,11,3,3,2,4,2,1,2
0,1381,4,72,3,3,1,6538,12740,0,15,3,1,3,3,2,1,2
1,480,7,31,3,1,1,4306,4156,0,12,3,2,1,13,10,3,12
2,313,21,61,3,4,1,2258,15238,0,20,4,1,3,3,2,1,2
1,1473,8,74,3,3,2,4522,2227,1,14,3,4,3,5,2,0,2
1,891,4,99,2,4,0,4487,12090,1,11,3,2,3,5,4,1,3
0,1063,25,72,3,3,1,4449,23866,1,15,3,1,3,13,11,10,7
1,329,1,98,2,1,1,2218,16193,0,12,3,3,3,4,2,3,2
2,1218,1,52,3,3,2,19197,8213,1,14,3,3,3,21,8,1,6
2,906,6,86,4,1,1,13212,18256,0,11,3,4,2,7,7,7,7
1,1082,12,83,3,3,0,6577,19558,0,11,3,2,3,5,4,4,4
1,645,1,49,4,1,1,8392,19566,0,16,3,3,3,10,7,0,7
1,1300,17,79,3,1,2,4558,13535,0,12,3,4,3,10,0,1,8
1,688,3,91,3,1,1,4031,9396,0,13,3,3,3,2,2,0,2
1,319,3,39,2,3,1,7969,19609,1,14,3,3,3,5,4,0,4
1,192,10,69,3,4,1,2654,9655,0,21,4,4,2,2,2,0,2
1,1490,4,30,3,4,1,16555,10310,0,13,3,4,1,5,2,1,4
2,532,29,92,3,3,2,4556,12932,0,11,3,2,3,5,4,0,2
1,317,2,43,1,4,0,6091,24793,0,20,4,3,3,5,4,0,2
1,422,7,41,3,1,1,19566,3854,0,11,3,4,1,29,8,11,10
1,1485,18,87,3,3,2,4810,26314,0,14,3,3,2,10,7,0,8
2,1368,28,88,2,4,1,4523,4386,0,11,3,4,4,6,5,0,4
1,1448,1,62,3,2,0,3202,21972,1,16,3,2,3,5,3,1,4
2,296,6,33,1,3,2,2351,12253,0,16,3,4,2,2,2,1,0
2,1490,2,42,3,4,1,1702,12106,1,23,4,3,3,1,0,0,0
1,1398,2,79,3,3,1,18041,13022,0,14,3,4,3,20,15,1,12
1,1349,23,90,3,4,2,2886,3032,0,22,4,2,1,3,2,0,2
0,1400,3,53,3,4,1,2097,16734,0,15,3,3,1,5,3,1,4
1,986,3,93,2,3,1,11935,21526,0,18,3,3,3,10,2,0,7
1,408,25,71,2,2,1,2546,18300,0,16,3,2,4,2,2,1,1
1,489,2,52,2,4,0,2564,18437,0,12,3,3,4,1,0,0,0
0,1398,22,69,3,1,1,8412,2890,0,11,3,3,3,9,8,7,8
1,210,29,56,2,4,2,14118,22102,0,12,3,3,2,1,0,0,0
1,1099,29,88,2,3,1,17046,9314,0,15,3,2,3,27,10,15,7
0,1116,2,49,3,4,0,2564,7181,0,14,3,3,2,11,7,6,7
2,1499,28,80,2,1,1,10266,2845,0,19,3,4,4,18,13,13,11
1,983,2,65,3,4,2,5070,7389,0,13,3,3,3,5,0,0,4
1,1009,2,51,3,3,1,17861,2288,0,13,3,3,1,3,2,0,1
1,144,22,46,1,3,0,4230,19225,0,15,3,3,3,5,4,4,3
1,548,8,42,3,3,0,3780,23428,0,11,3,3,3,1,0,0,0
1,1303,2,62,2,3,2,2768,8416,0,12,3,3,3,7,3,5,7
1,1125,10,94,2,4,1,9071,11563,1,19,3,3,3,3,2,1,2
1,1274,9,33,3,2,2,10648,14394,0,25,4,4,4,13,8,0,8
1,1277,15,56,3,3,1,13610,24619,1,12,3,4,4,7,6,7,7
1,587,10,38,1,4,2,3408,6705,0,13,3,1,3,4,3,1,3
1,413,7,57,3,2,0,2983,18398,0,14,3,1,3,3,2,1,2
1,1276,16,72,3,3,1,7632,14295,1,12,3,3,3,8,7,0,0
2,534,20,66,3,3,1,9824,22908,0,12,3,1,3,1,0,0,0
2,988,23,43,3,1,2,9950,11533,1,15,3,3,3,3,2,0,2
2,1474,5,97,3,3,1,2093,9260,0,17,3,4,3,2,2,2,0
0,635,10,32,3,4,0,9980,15318,0,14,3,4,2,10,3,9,7
2,1368,4,99,2,3,0,3894,9129,0,16,3,3,3,2,2,1,2
1,163,2,37,3,4,1,4051,19658,0,14,3,1,3,9,7,6,7
1,1117,18,83,3,2,0,16835,9873,0,23,4,4,3,10,9,7,7
0,267,10,56,3,4,0,6230,13430,0,14,3,4,3,14,3,1,10
1,619,1,85,3,3,1,4717,18659,0,11,3,3,3,11,9,6,9
1,302,6,75,3,3,0,13237,20364,0,15,3,3,3,20,6,5,13
2,443,8,48,3,3,1,3755,17872,0,11,3,1,3,8,3,0,7
1,828,2,77,3,4,0,6582,8346,1,13,3,3,4,6,5,0,5
1,319,24,56,3,1,1,7406,6950,1,21,4,4,2,10,9,5,8
1,561,2,61,3,2,1,4805,16177,0,19,3,2,4,8,7,3,7
2,426,17,58,3,3,2,2741,22808,1,11,3,2,2,7,7,1,0
1,232,19,34,3,4,2,4262,22645,0,12,3,2,4,3,2,1,2
1,922,1,95,4,3,2,16184,22578,0,19,3,3,3,6,1,0,5
1,688,7,44,2,4,2,11557,25291,0,21,4,3,2,5,4,0,1
2,1306,5,69,3,2,0,1878,8059,1,14,3,4,3,0,0,0,0
0,1094,28,58,1,1,2,10932,11373,0,15,3,3,3,1,0,0,1
0,509,2,62,2,3,0,6811,2112,1,17,3,1,3,8,7,0,7
1,775,29,45,3,3,2,4306,4267,0,12,3,1,3,0,0,0,0
1,195,1,80,3,3,0,4859,6698,0,16,3,4,3,5,4,0,3
1,258,21,74,4,4,0,5337,19921,0,12,3,4,3,10,7,5,7
1,471,24,66,1,4,0,2340,23213,1,18,3,2,1,1,0,0,0
1,799,1,59,3,4,0,7491,23848,0,17,3,4,4,6,5,1,2
2,1034,18,86,3,3,1,10527,8984,0,11,3,4,2,2,2,1,2
1,1276,2,91,3,1,1,16595,5626,0,16,3,2,3,18,16,11,8
0,142,9,69,3,2,2,8834,24666,0,13,3,4,3,9,5,7,7
1,956,6,78,3,1,2,5577,22087,1,12,3,2,3,10,9,6,9
0,1474,11,60,4,3,1,4707,23914,0,12,3,4,3,4,2,1,2
2,535,24,38,3,4,1,2400,5530,0,13,3,3,3,2,2,2,1
1,1495,10,76,3,3,1,9824,22174,0,19,3,3,3,1,0,0,0
1,446,1,65,3,2,1,6447,15701,0,12,3,2,2,6,5,4,3
1,1245,18,58,2,3,2,19502,2125,1,17,3,3,3,31,9,0,9
1,691,23,89,4,4,1,2725,21630,1,11,3,2,3,6,5,1,4
1,703,28,66,3,2,1,6272,7428,0,20,4,4,4,5,3,1,4
1,823,17,94,2,2,1,2127,9100,0,21,4,4,3,1,0,0,0
2,1246,3,99,3,2,1,18200,7999,0,11,3,3,3,32,5,10,7
1,622,13,40,3,3,1,2096,26376,0,11,3,3,3,7,4,0,6
2,1287,7,55,3,3,1,2886,14168,1,16,3,4,3,6,3,1,2
2,448,12,74,2,1,1,2033,14470,0,18,3,3,4,1,0,0,0
1,254,1,83,2,4,1,3622,22794,1,13,3,4,3,6,5,1,3
1,1365,13,46,3,1,2,4233,11512,0,17,3,3,1,3,1,1,2
1,538,25,54,2,4,0,3681,14004,0,14,3,4,3,3,2,0,2
1,525,6,66,4,4,2,5460,6219,0,22,4,4,4,7,7,5,7
1,798,6,66,2,3,2,2187,5013,0,12,3,3,2,5,3,0,3
1,558,2,75,3,3,1,9602,3010,1,11,3,3,2,3,0,1,0
1,959,1,83,2,2,0,2836,11757,0,13,3,4,4,1,0,0,0
1,622,2,81,3,4,1,4089,5718,0,13,3,2,3,10,2,2,2
1,782,6,50,2,4,2,16627,2671,1,14,3,3,2,1,0,0,0
1,362,1,43,3,1,0,2619,14561,0,17,3,4,2,0,0,0,0
2,1001,9,72,3,3,2,5679,19627,1,13,3,2,3,8,7,4,7
1,1236,1,40,2,1,1,15402,17997,0,11,3,1,1,3,2,0,2
1,1112,1,50,2,3,0,5985,26894,0,11,3,2,4,2,2,0,2
1,204,14,31,3,3,2,2579,2912,1,18,3,4,3,8,2,0,6
1,1420,2,85,3,1,2,3041,16346,0,11,3,2,3,4,3,0,2
1,1343,22,49,3,3,0,3447,24444,0,11,3,3,3,3,2,1,2
1,1315,3,35,3,4,1,19513,9358,1,12,3,1,4,2,2,0,1
1,604,6,69,3,3,1,2773,12145,0,20,4,4,3,2,2,2,2
1,1216,8,39,3,3,2,7104,20431,0,12,3,4,3,5,0,1,2
1,646,9,92,3,4,1,6322,18089,1,12,3,4,2,6,4,0,5
2,160,3,71,3,3,2,2083,22653,0,20,4,3,3,1,0,0,0
1,238,1,34,3,1,0,8381,7507,0,20,4,4,4,14,7,8,10
1,1397,1,42,3,4,1,2691,7660,0,12,3,4,2,10,9,8,8
2,306,26,100,3,1,1,4286,5630,0,14,3,4,3,1,1,0,0
1,991,6,71,3,4,1,2659,17759,1,13,3,3,3,3,2,0,2
1,482,3,36,3,3,1,9434,9606,0,15,3,3,3,10,7,7,8
1,1176,3,62,3,3,1,5561,3487,0,14,3,1,2,6,0,1,2
1,1017,6,82,1,4,0,6646,19368,0,13,3,2,3,17,11,11,8
2,1296,6,30,3,4,2,7725,5335,0,23,4,3,1,13,11,4,7
1,397,19,88,3,2,1,10725,6729,0,15,3,3,4,9,7,7,1
1,913,9,48,2,2,2,8847,13934,1,11,3,3,3,3,2,0,2
1,1115,3,54,2,4,0,2045,15174,0,13,3,4,3,4,2,1,1
1,1362,10,32,3,3,0,1009,26999,1,11,3,4,3,1,0,1,1
2,1076,3,70,3,1,0,3348,3164,1,11,3,1,3,10,8,9,7
0,727,3,41,2,3,1,1281,16900,0,18,3,3,3,1,0,0,0
1,885,4,58,4,1,1,2819,8544,0,16,3,1,4,3,2,0,2
1,810,8,57,4,2,1,4851,15678,0,22,4,3,3,3,2,1,2
1,243,7,46,2,4,0,4028,7791,0,20,4,1,3,7,7,0,5
2,806,1,76,1,4,2,2720,18959,0,18,3,4,3,10,7,2,8
1,817,2,56,4,2,1,8120,18597,0,12,3,4,3,2,2,2,2
2,1410,3,71,4,4,2,4647,16673,1,20,4,2,3,6,5,0,4
1,1225,10,80,4,4,0,4680,15232,0,17,3,1,3,1,0,0,0
1,1207,28,74,4,3,1,3221,3297,1,11,3,3,3,20,8,3,8
1,1442,9,46,2,2,0,8621,17654,0,14,3,2,4,8,7,7,7
1,693,3,65,3,3,0,4577,24785,0,14,3,1,3,2,2,2,0
1,408,2,80,2,3,0,4553,20978,0,11,3,1,3,20,7,11,10
1,929,10,55,3,4,0,5396,21703,0,12,3,4,2,10,7,0,8
2,562,8,50,3,3,1,6796,23452,1,14,3,1,3,4,3,1,3
1,827,1,33,4,4,0,7625,19383,0,13,3,3,2,9,7,1,8
1,608,1,68,3,1,1,7412,6009,0,11,3,4,3,9,7,0,7
1,1018,3,39,3,4,0,11159,19373,0,15,3,4,3,7,7,7,7
1,703,14,42,3,1,0,4960,11825,0,12,3,4,3,7,7,1,7
2,580,5,48,2,1,1,10475,23772,1,21,4,3,3,18,13,1,12
1,970,7,59,4,3,1,14814,13514,0,19,3,3,3,5,1,1,3
1,427,10,73,2,4,2,19141,8861,0,15,3,2,2,21,6,12,6
1,1179,16,84,3,1,0,5405,11924,0,14,3,4,3,2,2,2,2
2,294,10,32,3,1,2,8793,4809,0,21,4,3,2,9,7,1,7
1,314,1,59,2,3,1,19189,19562,0,12,3,2,3,22,7,2,10
1,316,8,54,3,2,1,3875,9983,0,15,3,4,3,2,2,2,2
1,654,1,67,1,2,0,2216,3872,1,13,3,4,3,7,7,3,7
0,427,8,63,4,1,1,11713,20335,0,14,3,1,3,8,7,0,5
1,168,1,81,3,3,0,7861,15397,1,14,3,4,4,1,0,0,0
0,381,24,49,1,3,0,3708,2104,0,14,3,3,3,5,2,1,4
2,217,3,49,3,3,2,13770,10225,1,12,3,4,2,22,2,11,13
1,501,27,99,3,4,2,5304,25275,0,23,4,4,2,8,7,7,7
1,1396,10,99,3,3,0,2642,2755,0,11,3,3,3,1,0,0,0
2,933,19,57,4,3,2,2759,20366,1,12,3,4,3,2,2,2,2
2,775,15,47,2,4,1,6804,23683,0,18,3,3,3,2,2,2,2
1,970,8,96,3,3,0,6142,7360,0,11,3,4,3,5,1,4,3
1,650,9,37,3,1,1,2500,4344,0,14,3,4,4,4,3,0,2
1,141,3,44,4,2,1,6389,18767,0,15,3,3,1,8,3,3,6
1,832,9,81,3,4,1,11103,20420,0,11,3,3,2,10,7,1,1
1,804,2,86,2,4,0,2342,22929,1,20,4,4,2,4,2,2,3
1,975,7,55,2,1,0,6811,23398,0,19,3,1,1,7,6,0,7
1,1090,10,83,3,2,2,2297,17967,0,14,3,4,3,2,2,2,2
1,346,6,86,3,4,0,2450,10919,0,17,3,4,3,2,2,2,2
0,1225,2,61,3,1,2,5093,4761,0,11,3,1,4,1,0,0,0
2,430,24,80,3,4,1,5309,21146,0,15,3,4,3,10,8,4,7
1,268,2,92,3,3,1,3057,20471,1,13,3,2,1,1,0,0,1
1,167,8,32,3,1,2,5121,4187,0,14,3,3,3,0,0,0,0
1,621,3,31,2,1,1,16856,10084,0,11,3,1,4,34,6,1,16
1,527,1,63,3,4,0,2686,5207,1,13,3,3,2,10,9,7,8
1,883,26,32,3,4,0,6180,22807,0,23,4,2,2,6,5,1,4
1,954,2,46,1,3,0,6632,12388,0,13,3,1,3,8,7,3,1
1,310,10,79,4,3,0,3505,19630,0,18,3,4,3,2,2,0,2
2,719,27,77,4,3,0,6397,10339,1,12,3,4,3,5,4,1,3
1,304,2,60,3,4,0,6274,18686,0,22,4,3,3,6,5,1,4
1,725,2,78,3,1,1,19859,21199,1,13,3,4,3,5,2,1,4
0,1434,8,76,2,1,0,7587,14229,0,15,3,2,3,10,7,0,9
0,715,19,41,3,4,1,4258,26589,0,18,3,1,3,4,3,1,2
2,575,1,71,1,4,2,4364,5288,0,14,3,1,3,2,2,2,0
1,657,27,66,3,3,1,4335,25549,0,12,3,1,2,8,7,1,1
1,1146,8,38,2,1,0,5326,3064,0,17,3,3,2,4,3,1,2
1,182,1,72,4,4,0,3280,13551,0,16,3,3,3,4,2,1,3
1,376,19,95,3,1,2,5485,22670,1,11,3,2,3,5,3,1,4
2,829,8,84,3,4,1,4342,24008,0,19,3,2,3,4,2,1,1
1,571,10,82,3,1,2,2782,19905,1,13,3,2,2,5,3,4,3
2,240,2,75,4,1,0,5980,26085,1,12,3,4,3,15,7,4,12
1,121,2,86,2,1,0,4381,7530,0,11,3,3,3,6,5,1,3
1,384,8,72,3,4,1,2572,20317,0,16,3,2,2,3,2,0,2
1,921,1,38,1,3,1,3833,24375,0,21,4,3,3,2,2,0,2
2,791,2,38,4,2,1,4244,9931,0,24,4,4,3,8,7,3,7
1,1111,8,93,3,1,1,6500,13305,0,17,3,2,3,3,2,1,2
2,570,8,66,3,4,2,18430,16225,0,13,3,2,2,24,7,14,9
1,1243,6,63,4,1,1,1601,3445,1,21,4,3,3,0,0,0,0
0,1092,9,60,2,2,2,2694,26551,0,11,3,3,3,1,0,0,0
1,1325,11,82,3,3,1,3149,21821,0,20,4,2,3,5,2,1,4
1,691,2,64,3,3,1,17639,6881,0,16,3,4,3,4,3,0,3
1,805,1,36,2,1,1,2319,6689,1,11,3,4,3,1,0,0,0
1,213,7,49,3,3,1,11691,25995,0,11,3,4,4,13,9,3,7
1,118,16,69,3,1,0,5324,26507,0,15,3,3,3,3,2,0,2
1,202,2,33,3,4,1,16752,12982,1,11,3,3,2,26,14,3,0
1,676,1,35,3,2,1,5228,23361,0,15,3,1,3,9,7,0,5
1,1252,23,81,4,3,1,2700,23779,0,24,4,3,3,10,7,0,7
1,286,2,31,3,2,0,19246,25761,1,12,3,4,3,31,15,13,8
1,1258,1,40,4,3,0,2506,13301,0,13,3,3,3,2,2,2,2
1,932,1,43,2,4,1,6062,4051,1,13,3,4,3,4,3,0,2
1,890,2,46,3,3,0,4382,16374,0,17,3,4,2,2,2,2,1
1,1041,13,36,3,2,1,2143,25527,0,13,3,2,3,5,2,0,4
1,859,4,98,2,3,1,6162,19124,0,12,3,3,3,14,13,6,8
2,720,16,51,2,3,0,5094,11983,0,14,3,4,3,1,0,0,0
1,946,2,52,2,4,0,6877,20234,1,24,4,2,2,0,0,0,0
1,252,2,95,2,3,0,2274,6153,0,14,3,4,3,1,0,0,0
1,933,29,98,3,2,1,4434,11806,0,13,3,4,2,9,8,7,8
2,471,12,45,2,1,2,6288,4284,0,15,3,3,2,4,3,1,2
2,702,16,100,2,4,0,2553,8306,0,16,3,3,3,5,2,1,3
1,1184,11,43,3,4,1,7654,5860,0,18,3,1,4,9,8,7,7
1,436,2,37,3,4,0,5160,21519,0,16,3,3,2,9,7,7,3
1,589,14,94,3,1,1,17159,5200,0,24,4,3,3,4,1,1,0
1,269,5,42,2,4,2,12808,8842,1,16,3,2,3,9,8,0,8
1,950,7,59,3,3,0,10221,18869,0,21,4,2,4,8,5,1,6
1,760,2,81,3,2,1,4779,3698,1,20,4,1,3,8,7,7,5
1,829,3,88,3,4,1,3737,2243,0,19,3,3,1,3,2,0,2
2,887,5,88,2,3,1,2366,20898,1,14,3,1,3,8,7,1,7
0,443,3,50,3,4,1,1706,16571,0,11,3,3,2,0,0,0,0
1,1318,26,66,3,3,1,16307,5594,0,14,3,3,2,20,6,4,17
1,625,4,50,3,2,0,5933,5197,0,12,3,4,2,5,2,2,3
1,180,2,65,4,1,0,3424,21632,0,13,3,3,2,4,3,0,1
1,586,1,48,4,1,2,4037,21816,0,22,4,1,3,9,8,0,8
1,1343,27,53,2,1,0,2559,17852,0,11,3,4,2,6,5,1,1
1,928,1,56,3,4,1,6201,2823,1,14,3,4,2,18,14,4,11
1,117,13,73,3,4,2,4403,9250,0,11,3,3,2,5,2,0,3
2,1012,5,75,2,4,2,3761,2373,0,12,3,2,2,5,4,0,3
1,661,7,78,2,4,1,10934,20715,1,18,3,4,3,5,2,0,4
1,930,9,74,3,1,2,10761,19239,1,12,3,3,3,5,4,0,2
1,638,8,91,4,3,1,5175,22162,0,12,3,3,2,5,3,1,3
2,890,25,81,2,4,1,13826,19028,0,22,4,3,3,9,8,0,0
1,342,16,66,2,3,2,6334,24558,0,19,3,4,3,1,0,0,0
1,1169,8,63,2,4,2,4936,23965,0,13,3,4,3,5,1,0,4
1,1230,1,33,2,4,1,4775,19146,0,22,4,1,1,2,2,2,2
1,986,8,62,4,4,1,2818,5044,1,24,4,3,2,3,2,0,2
2,1271,2,35,3,4,0,2515,9068,1,14,3,4,3,2,1,2,2
1,1278,8,77,2,1,1,2342,8635,0,21,4,3,3,5,4,0,3
1,141,3,98,3,1,1,4194,14363,1,18,3,4,3,5,3,0,3
1,607,9,66,2,3,1,10685,23457,1,20,4,2,3,17,14,5,15
2,130,25,96,3,2,2,2022,16612,1,19,3,1,2,10,2,7,8
0,300,1,61,3,4,2,2314,9148,0,12,3,2,3,3,0,0,2
1,583,4,87,2,1,1,4256,18154,0,12,3,1,4,5,2,0,3
1,1418,1,36,3,1,1,3580,10554,0,16,3,2,3,4,2,0,2
0,1269,4,46,2,4,1,3162,10778,0,17,3,4,2,5,2,3,4
2,379,5,48,3,2,1,6524,8891,0,14,3,4,3,10,8,5,3
1,395,9,98,2,2,1,2899,12102,0,19,3,4,3,2,2,1,2
1,1265,3,95,4,4,1,5231,23726,1,13,3,2,2,5,3,1,3
1,1222,11,48,3,4,1,2356,14871,1,19,3,2,3,6,4,0,2
1,341,1,48,2,3,2,2800,23522,1,19,3,3,3,3,2,0,2
1,868,8,73,3,4,1,11836,22789,0,14,3,3,3,2,0,2,2
1,672,25,78,2,2,1,10903,9129,0,16,3,1,3,13,10,4,8
2,1231,21,54,3,4,1,2973,21222,0,15,3,2,3,5,4,0,0
1,102,23,72,3,4,0,14275,20206,0,18,3,3,3,12,9,3,8
2,422,1,33,3,4,1,5562,21782,0,13,3,2,2,5,2,2,2
1,249,2,35,3,4,1,4537,17783,1,22,4,1,3,7,6,7,7
0,1252,19,32,3,2,0,7642,4814,1,13,3,4,3,10,0,0,9
0,881,2,98,3,1,2,17924,4544,0,11,3,4,3,31,6,14,7
1,1383,2,42,2,4,1,5204,7790,0,11,3,3,3,5,4,0,4
1,1075,3,57,3,2,2,2277,22650,1,11,3,3,4,4,3,0,3
1,374,25,87,3,4,0,2795,18016,1,24,4,3,1,1,0,0,1
1,1086,7,62,2,4,2,2532,6054,0,14,3,3,3,4,3,0,3
1,661,9,61,3,1,1,2559,7508,1,13,3,4,3,8,7,7,1
1,821,5,98,3,4,0,4908,24252,0,14,3,2,3,4,2,0,2
2,781,2,57,2,4,2,2380,13384,1,14,3,4,2,1,0,0,0
1,177,8,55,3,2,2,4765,23814,0,21,4,3,4,1,0,0,0
1,500,2,49,2,3,0,2044,22052,0,13,3,4,2,2,2,0,2
1,1427,18,65,3,4,0,2693,8870,0,19,3,1,2,1,0,0,0
1,1425,14,68,3,4,1,6586,4821,1,17,3,1,2,16,8,4,11
1,1454,2,65,2,4,0,3294,13137,1,18,3,1,2,3,2,1,2
1,617,3,34,3,3,1,4171,10022,1,19,3,1,4,3,2,0,2
1,1085,2,57,1,4,2,2778,17725,1,13,3,3,2,7,7,1,0
1,995,9,77,3,3,2,2377,9834,0,18,3,2,3,2,2,2,2
1,1122,6,70,3,1,1,2404,4303,1,21,4,4,1,2,2,2,2
1,618,4,76,3,3,0,2318,17808,0,19,3,3,3,1,1,0,0
1,546,10,83,3,2,2,2008,6896,0,14,3,2,3,1,0,1,0
1,462,14,68,2,3,0,6244,7824,0,17,3,1,3,5,4,0,3
1,1198,1,100,2,1,0,2799,3339,1,11,3,2,3,3,2,0,2
1,1272,5,37,2,2,2,10552,9255,1,13,3,4,3,6,0,0,4
1,154,7,41,2,3,1,2329,11737,0,15,3,2,4,7,7,5,2
1,1137,21,51,3,4,1,4014,19170,1,25,4,4,1,10,6,0,7
1,527,8,51,3,2,1,7403,22477,0,11,3,3,2,26,9,1,7
1,1469,20,51,3,3,1,2259,5543,0,17,3,1,2,0,0,0,0
0,1188,20,45,3,3,1,6932,24406,0,13,3,4,2,9,8,0,0
1,188,7,65,3,4,0,4678,23293,0,18,3,3,3,6,2,0,1
1,1333,1,80,3,1,1,13582,16292,0,13,3,2,3,15,12,5,11
0,1184,1,70,2,2,1,2332,3974,0,20,4,3,3,3,0,0,2
1,867,19,36,2,2,1,2413,18798,1,18,3,3,3,1,0,0,0
1,658,10,67,2,2,2,9705,20652,0,12,3,2,2,1,0,0,0
2,1283,1,52,2,1,0,4294,11148,0,12,3,2,3,7,7,0,7
1,263,6,59,3,1,0,4721,3119,1,13,3,3,3,18,13,2,17
1,938,2,79,3,3,0,2519,12287,0,21,4,3,3,11,8,3,9
1,419,21,37,2,2,0,2121,9947,1,13,3,2,4,1,0,0,0
1,129,4,84,3,1,0,2973,13008,0,19,3,2,3,1,0,0,0
1,616,12,41,3,4,1,5855,17369,1,11,3,3,1,9,7,8,5
2,1469,9,35,3,2,2,3617,25063,1,14,3,4,3,1,1,0,0
1,498,3,93,3,1,1,6725,13554,0,12,3,3,4,8,7,6,3
1,530,3,51,2,4,1,10325,5518,1,11,3,1,3,16,7,3,7
1,1069,1,42,2,4,0,6949,12291,0,14,3,1,3,5,0,1,4
1,625,1,46,2,3,1,10609,14922,0,11,3,3,1,14,1,11,7
0,805,4,57,3,2,1,4447,23163,0,12,3,2,2,9,7,0,8
2,1404,20,84,3,4,1,2157,18203,0,15,3,2,3,3,1,0,2
1,1219,18,86,3,3,1,4601,6179,0,16,3,2,3,5,2,1,0
1,1053,1,70,3,4,1,17099,13829,0,15,3,2,2,9,8,7,8
1,289,2,51,3,3,0,2479,26227,0,24,4,1,3,1,0,0,0
1,1376,2,45,3,3,2,14852,13938,0,13,3,3,4,17,13,15,2
1,231,8,62,3,3,2,7264,9977,0,11,3,1,4,8,4,7,7
0,152,10,85,3,4,0,5666,19899,1,13,3,2,3,5,3,1,3
1,882,3,92,3,4,2,7823,6812,0,13,3,2,3,10,9,0,8
1,903,2,41,4,3,0,7880,2560,0,18,3,4,3,8,7,0,7
0,1479,24,100,4,2,0,13194,17071,1,16,3,4,2,1,0,0,0
2,1379,16,64,4,3,2,5067,6759,1,19,3,3,4,19,10,2,7
0,1229,8,84,3,4,2,5079,25952,0,13,3,4,3,7,7,0,7
0,335,9,46,2,1,0,2321,10322,1,22,4,1,3,3,2,1,2
0,722,17,38,3,3,0,17444,20489,0,11,3,4,3,10,8,6,0
1,906,10,92,2,1,0,2404,11479,1,20,4,3,3,0,0,0,0
1,461,13,53,3,4,0,3452,17241,0,18,3,1,3,3,2,0,2
1,974,1,91,3,4,2,2270,11005,0,14,3,4,3,5,3,0,2
1,1126,1,66,3,4,2,17399,6615,0,22,4,3,2,5,4,1,3
2,827,1,84,4,2,1,5488,20161,1,13,3,1,3,6,5,1,2
2,840,9,64,3,3,2,19419,3735,0,17,3,2,4,18,16,0,11
1,1134,16,37,3,2,1,2811,12086,0,14,3,2,3,2,2,2,2
0,248,23,42,3,1,1,3633,14039,1,15,3,3,3,9,8,0,8
1,955,4,83,3,4,0,4163,8571,1,17,3,3,3,9,0,0,7
1,138,22,48,3,3,1,2132,11539,1,11,3,2,3,5,2,0,1
1,939,24,95,3,3,1,13973,4161,1,18,3,4,3,12,11,1,5
2,1391,10,66,3,3,1,2684,12127,0,17,3,2,2,2,1,0,2
1,566,7,75,3,3,2,10845,24208,0,13,3,2,3,8,7,0,7
1,1206,17,41,2,3,2,4377,24117,0,15,3,2,3,4,2,3,2
1,622,14,39,2,2,2,3743,10074,1,24,4,4,1,4,2,0,2
2,853,1,96,3,1,1,4148,11275,0,12,3,3,3,4,3,0,3
0,287,5,73,3,4,0,1051,13493,0,15,3,4,3,0,0,0,0
1,1441,17,56,3,3,1,10739,13943,0,11,3,3,3,10,7,0,8
1,583,25,57,3,3,2,10388,6975,1,11,3,3,2,16,10,10,1
1,153,8,73,4,1,1,11416,17802,1,12,3,3,2,8,7,1,7
1,1097,11,98,2,1,0,2600,18275,1,15,3,1,3,1,0,0,0
2,109,5,60,3,2,0,2422,25725,0,17,3,1,3,3,2,1,2
1,1066,2,32,4,4,1,5472,3334,0,12,3,2,3,8,7,1,3
1,217,8,94,1,1,1,2451,6881,0,15,3,1,2,4,3,1,1
1,277,6,97,2,3,0,4240,13119,0,13,3,4,3,2,2,2,2
1,1355,4,78,2,3,0,10999,22245,0,14,3,2,3,15,11,4,8
1,549,7,42,3,3,0,5003,23371,0,14,3,2,3,2,2,2,1
1,466,1,65,2,4,1,12742,7060,0,16,3,3,3,21,6,11,8
1,1055,2,47,3,4,1,4227,4658,0,18,3,2,3,3,2,2,2
1,802,10,45,3,4,2,3917,9541,0,20,4,1,2,3,2,1,2
1,265,5,90,3,3,1,18303,7770,0,13,3,2,4,1,0,0,0
1,804,9,64,3,4,1,2380,20165,0,18,3,2,3,1,0,0,0
1,715,2,69,2,4,0,13726,21829,1,13,3,1,3,5,3,4,3
1,1141,11,61,1,2,1,4777,14382,0,15,3,1,1,1,0,0,0
2,135,18,62,3,2,1,6385,12992,1,14,3,4,3,8,7,6,7
0,247,7,55,1,3,2,19973,20284,0,22,4,2,3,21,16,5,10
1,1035,3,42,3,4,0,6861,4981,1,12,3,3,3,1,0,0,0
0,265,29,79,1,1,0,4969,21813,0,18,3,4,3,2,2,2,2
1,266,2,57,1,4,1,19845,25846,0,15,3,4,3,32,14,6,9
1,1448,28,53,4,4,1,13320,11737,1,18,3,3,3,12,11,11,11
0,145,1,95,3,3,1,6347,24920,0,12,3,1,3,18,7,0,13
1,885,16,43,4,1,0,2743,8269,0,16,3,3,3,17,13,15,14
2,945,22,82,3,1,0,10880,5083,1,13,3,3,3,21,6,2,8
0,1038,8,88,2,4,0,2342,21437,0,19,3,4,2,2,2,2,2
1,1234,11,90,3,4,1,17650,5404,0,13,3,2,4,9,3,1,1
0,1109,29,69,3,3,0,4025,11135,0,12,3,2,3,8,7,7,7
1,216,1,75,4,4,2,9725,12278,0,11,3,4,2,15,1,0,9
1,1089,1,66,3,4,1,11904,11038,1,14,3,3,1,6,4,0,4
1,788,24,36,3,2,0,2177,8318,0,16,3,1,3,6,3,0,4
2,124,2,38,2,2,1,7525,23537,0,12,3,1,3,15,7,6,12
1,660,15,81,3,3,2,4834,7858,0,14,3,2,2,1,0,0,0
2,342,2,57,3,1,1,2042,15346,1,14,3,2,3,3,2,1,2
1,1333,10,87,3,3,1,2220,18410,1,19,3,4,3,1,1,0,0
1,1144,10,74,3,2,1,1052,23384,0,22,4,2,3,1,0,0,0
2,1186,3,44,3,3,1,2821,2997,0,16,3,1,3,2,2,2,2
1,1464,2,62,3,3,1,19237,12853,1,11,3,4,2,8,1,7,7
1,124,3,35,3,2,0,4107,13848,0,15,3,1,2,4,3,0,1
1,300,26,74,3,1,1,8396,22217,0,14,3,2,2,7,7,7,5
2,921,1,66,2,3,2,2007,25265,0,13,3,3,3,5,3,1,3
1,430,1,40,3,4,2,19627,21445,0,17,3,4,3,2,2,2,2
1,1082,2,41,2,3,1,10686,8392,0,11,3,2,3,9,4,7,0
2,1240,9,63,3,3,1,2942,12154,0,19,3,2,3,5,4,0,3
1,796,12,51,2,4,0,8858,15669,0,11,3,2,2,14,8,7,8
0,444,2,40,2,1,0,16756,17323,0,15,3,2,4,9,7,6,2
1,415,25,79,2,4,2,10798,5268,0,13,3,3,3,1,0,0,0
2,769,9,54,3,4,0,2323,17205,1,14,3,2,3,2,2,0,2
1,1334,10,36,2,1,0,1416,17258,0,13,3,1,2,1,0,1,0
1,1003,8,74,2,1,2,4615,21029,1,23,4,1,3,16,13,1,7
1,1323,4,34,3,3,1,2461,10332,1,12,3,3,4,10,0,2,7
0,1366,24,72,2,1,0,8722,12355,0,12,3,1,2,10,7,1,9
1,192,1,59,2,1,1,3955,11141,0,16,3,1,3,5,3,1,3
1,1176,20,85,3,1,1,9957,9096,0,15,3,3,2,6,2,0,2
1,509,7,43,4,3,1,3376,18863,0,13,3,3,3,10,6,0,8
1,330,17,65,2,3,1,8823,24608,0,18,3,1,2,19,9,1,9
1,1492,20,61,3,4,1,10322,26542,0,20,4,4,3,11,10,11,1
0,1277,8,87,1,3,1,4621,5869,0,19,3,4,3,3,2,1,2
2,1091,2,65,3,2,1,10976,15813,0,18,3,2,3,3,2,1,2
1,857,10,59,3,3,0,3660,7909,0,13,3,4,4,8,7,1,7
1,1376,1,91,2,1,1,10482,2326,0,14,3,4,3,20,6,3,6
1,654,5,34,2,4,2,7119,21214,0,15,3,3,3,3,2,1,2
1,1204,4,86,3,1,0,9582,10333,1,22,4,1,3,8,7,4,7
2,827,29,54,2,3,0,4508,3129,0,22,4,2,3,13,7,3,8
1,895,15,50,3,3,2,2207,22482,0,16,3,4,2,4,2,2,2
2,618,3,45,3,4,0,7756,22266,0,17,3,3,2,6,2,0,4
1,309,10,88,2,4,2,6694,24223,1,14,3,3,3,1,0,0,0
1,1219,4,32,3,4,1,3691,4605,1,15,3,2,4,7,7,5,6
1,1330,21,37,3,3,2,2377,19373,0,20,4,3,2,1,1,0,0
1,1017,25,55,2,2,0,2313,2993,1,20,4,2,3,2,2,2,2
1,469,2,35,3,1,1,17665,14399,0,17,3,4,3,22,6,13,7
2,1009,1,45,2,2,2,2596,7160,0,15,3,1,3,1,0,0,0
2,959,1,81,3,3,0,4728,17251,1,14,3,4,3,0,0,0,0
2,970,7,30,3,2,1,4302,13401,0,17,3,3,3,3,2,0,2
0,697,3,40,2,4,1,2979,22478,0,17,3,4,3,0,0,0,0
0,1262,1,35,4,4,0,16885,16154,0,22,4,3,2,5,4,2,1
0,1050,9,65,2,3,1,5593,17970,0,13,3,4,3,15,10,4,12
1,994,7,87,3,2,0,10445,15322,0,19,3,4,3,8,6,4,0
1,770,10,73,2,3,2,8740,5569,1,14,3,2,3,8,7,2,7
1,1107,28,93,3,4,2,2514,26968,0,22,4,1,3,7,5,1,7
1,950,3,93,3,2,2,7655,8039,0,17,3,2,2,9,7,1,7
1,406,3,52,3,3,1,17465,15596,0,12,3,4,3,12,9,4,9
1,130,2,32,3,2,0,7351,20619,0,16,3,3,3,1,0,0,0
2,1082,27,83,3,1,1,10820,11535,0,11,3,3,3,8,7,0,1
2,203,2,84,3,4,2,12169,13547,0,11,3,4,3,18,7,11,5
1,1308,14,44,2,3,0,19626,17544,0,14,3,1,4,20,7,4,9
1,984,1,70,2,2,0,2070,25326,1,11,3,3,4,2,2,2,2
0,439,9,70,3,2,0,6782,8770,0,15,3,3,2,5,4,0,3
0,217,18,78,3,4,0,7779,23238,0,20,4,1,3,11,9,0,9
2,793,20,67,4,4,1,2791,21981,0,12,3,1,3,2,2,2,2
1,1451,2,67,2,2,1,3201,19911,0,17,3,1,1,5,3,0,4
2,1182,11,54,3,4,2,4968,18500,0,11,3,4,3,5,2,0,2
1,174,8,56,2,2,1,13120,11879,0,17,3,2,3,9,8,2,3
2,1003,2,95,3,3,0,4033,15834,0,11,3,4,2,3,2,0,2
2,490,10,61,3,2,2,3291,17940,0,14,3,4,2,7,5,1,1
1,188,29,56,1,4,0,4272,9558,0,19,3,1,3,1,0,0,0
1,718,8,79,2,4,1,5056,17689,1,15,3,3,2,10,7,1,2
1,433,1,37,4,3,1,2844,6004,0,13,3,4,4,7,6,5,0
2,773,6,39,2,3,2,2703,22088,1,14,3,4,3,3,1,0,2
0,247,8,80,3,3,0,1904,13556,0,12,3,4,3,0,0,0,0
1,603,9,77,3,1,0,8224,18385,1,17,3,1,3,5,2,0,3
1,167,12,46,3,4,1,4766,9051,1,11,3,1,3,1,0,0,0
2,874,15,72,3,3,1,2610,6233,0,12,3,3,2,2,2,2,2
1,367,25,52,2,4,2,5731,17171,0,13,3,3,3,6,2,1,3
1,199,6,55,2,3,1,2539,7950,0,13,3,3,3,4,2,2,2
1,1400,9,70,3,3,1,5714,5829,0,20,4,1,2,6,5,1,3
1,528,8,100,3,3,0,4323,7108,0,17,3,2,1,5,4,1,4
1,408,23,45,2,1,1,7336,11162,0,13,3,1,1,11,8,3,10
2,593,9,88,3,3,0,13499,13782,0,17,3,3,2,18,7,2,13
2,481,12,44,3,1,0,13758,2447,1,12,3,2,2,21,9,13,14
1,647,4,45,3,1,0,5155,2253,0,13,3,4,4,6,4,1,5
1,982,1,58,2,3,1,2258,16340,0,12,3,2,3,8,0,1,7
1,477,24,49,3,2,0,3597,6409,0,22,4,4,3,4,3,1,2
1,1485,12,79,3,4,1,2515,22955,1,11,3,4,2,1,1,0,0
1,1384,3,82,4,4,1,4420,13421,0,22,4,2,3,8,7,0,7
1,852,10,72,2,3,1,6578,2706,0,18,3,1,3,10,3,1,4
2,902,26,92,2,4,1,4422,21203,1,13,3,4,1,1,1,0,0
1,819,2,44,2,2,2,10274,19588,0,18,3,2,4,7,7,6,4
2,669,1,97,2,1,0,5343,25755,0,20,4,3,3,13,9,4,9
2,636,4,47,2,4,1,2376,26537,0,13,3,2,4,2,2,2,2
1,1372,9,85,1,3,0,5346,9489,0,13,3,2,2,4,3,1,3
0,862,2,76,3,1,2,2827,14947,0,12,3,3,3,1,0,0,0
1,718,4,92,3,1,2,19943,18575,0,13,3,4,3,5,2,4,2
1,1401,6,54,3,4,1,3131,26342,0,13,3,1,3,10,8,0,8
1,645,9,54,3,1,0,2552,7172,0,25,4,3,3,1,1,0,0
1,1457,7,83,3,3,1,4477,20100,1,19,3,3,2,3,2,0,2
1,977,1,56,2,4,1,6474,9961,0,13,3,2,2,14,8,3,11
1,805,3,87,2,3,0,3033,12828,0,12,3,1,2,2,2,1,2
1,1097,10,96,3,3,0,2936,10826,1,11,3,3,3,6,4,0,2
1,1223,7,50,3,3,2,18606,18640,0,18,3,2,3,7,7,4,7
1,942,15,69,1,4,1,2168,26933,1,18,3,1,2,5,4,1,3
2,1256,3,48,2,4,1,2853,4223,1,11,3,2,3,0,0,0,0
1,1402,2,69,3,1,1,17048,24097,0,23,4,1,3,26,15,15,9
0,111,17,74,1,3,0,2290,4279,0,13,3,4,3,0,0,0,0
1,147,2,99,3,3,1,3600,8429,0,13,3,4,3,5,4,1,4
0,906,5,95,2,1,2,2107,20293,0,17,3,1,1,1,0,0,0
1,1329,29,61,3,1,2,4115,13192,0,19,3,3,3,4,3,0,3
2,1184,2,62,3,2,1,4327,25440,0,12,3,4,3,0,0,0,0
2,1421,2,30,3,1,1,17856,9490,0,22,4,3,3,2,2,2,2
1,1179,19,78,2,1,1,3196,12449,0,12,3,3,3,6,5,3,3
1,1450,15,52,3,2,1,19081,10849,0,11,3,1,3,4,2,0,3
1,1361,17,94,3,1,1,8966,21026,1,15,3,4,3,7,7,1,7
1,984,17,97,3,2,1,2210,3372,0,13,3,1,1,1,0,0,0
2,1146,25,82,3,3,1,4539,4905,0,12,3,1,2,10,7,0,1
1,917,6,60,1,3,2,2741,6865,0,14,3,3,3,7,7,1,7
1,853,7,49,3,3,2,3491,11309,0,13,3,1,2,10,7,8,9
1,200,29,32,3,4,0,4541,7744,0,25,4,2,3,20,11,13,17
1,654,21,43,4,4,0,2678,5050,0,17,3,4,3,2,1,2,2
1,150,2,60,3,4,2,7379,17433,0,11,3,3,2,6,3,1,4
0,179,2,79,4,1,1,6272,12858,0,16,3,1,4,4,3,0,3
1,696,7,52,4,4,2,5220,10893,1,18,3,2,3,11,7,1,9
2,116,13,77,2,2,1,2743,7331,0,20,4,3,3,2,2,2,2
2,1316,2,38,3,3,0,4998,2338,1,14,3,4,3,8,7,0,7
1,363,1,77,1,1,2,10252,4235,1,21,4,3,3,7,7,7,7
1,117,9,60,3,4,1,2781,6311,0,13,3,2,3,14,10,4,10
1,107,10,84,2,2,2,6852,11591,0,12,3,2,4,5,1,1,3
1,1356,10,57,3,4,0,4950,20623,0,14,3,2,3,4,3,1,1
1,1465,1,63,3,2,1,3579,9369,1,21,4,1,3,11,9,5,7
2,458,26,60,3,1,1,13191,23281,1,17,3,3,3,1,0,0,0
0,1212,8,78,2,4,1,10377,13755,1,11,3,2,2,13,2,4,12
1,1103,14,42,3,1,1,2235,14377,1,14,3,4,2,9,7,6,8
2,966,1,53,3,3,2,10502,9659,0,17,3,1,1,5,4,1,4
1,1117,2,72,4,4,1,2011,19982,0,13,3,4,3,10,5,7,7
0,504,10,96,2,2,0,1859,6148,1,25,4,2,4,1,1,0,0
1,1010,1,97,3,4,2,3760,5598,0,15,3,1,3,3,2,1,2
1,685,3,85,3,4,1,17779,23474,0,14,3,1,3,10,9,0,9
1,1332,11,80,3,1,1,6833,17089,1,12,3,4,2,6,5,0,1
1,1062,24,96,2,1,0,6812,17198,0,19,3,2,3,10,9,1,8
1,326,3,48,2,4,0,5171,16490,0,17,3,4,3,6,1,0,5
1,920,3,96,1,4,1,19740,18625,0,14,3,2,3,8,7,0,7
1,1098,4,85,2,3,1,18711,12124,0,13,3,3,4,1,0,0,0
2,469,3,46,3,2,1,3692,9256,0,12,3,3,2,11,10,0,7
1,969,2,76,4,2,0,2559,16620,0,11,3,3,2,1,0,0,0
1,1167,4,76,3,3,2,2517,3208,0,11,3,2,3,5,3,0,3
1,1329,7,82,3,4,2,6623,4204,1,11,3,2,3,6,0,1,0
1,715,1,76,2,4,0,18265,8733,0,12,3,3,4,1,0,0,0
1,694,1,87,2,4,2,16124,3423,0,14,3,2,2,7,7,1,7
1,1320,20,89,4,3,1,2585,21643,0,17,3,4,2,1,0,0,0
1,1099,5,88,3,2,1,18213,8751,0,11,3,3,3,22,9,3,10
1,536,10,82,4,3,2,8380,21708,1,14,3,4,3,9,8,0,8
1,265,25,57,4,4,0,2994,21221,1,12,3,4,3,1,0,0,1
1,373,1,47,3,3,1,1223,16901,0,22,4,4,3,1,0,0,1
2,599,24,73,1,4,0,1118,8040,1,14,3,4,3,1,0,1,0
1,583,4,53,3,4,0,2875,9973,1,20,4,2,2,8,5,2,2
1,1449,2,94,1,2,0,18824,2493,1,16,3,1,3,24,10,1,11
0,177,8,37,2,2,2,13577,25592,1,15,3,4,3,33,9,15,0
2,251,10,45,2,3,0,2625,25308,0,20,4,3,1,2,2,2,2
1,168,4,33,2,2,1,18789,9946,0,14,3,3,3,11,4,0,8
1,131,2,86,3,1,0,4538,6039,1,12,3,4,3,3,2,0,2
2,237,9,83,3,2,2,19847,19196,1,24,4,1,2,29,10,11,10
1,1429,18,67,3,4,0,10512,20002,0,12,3,4,2,9,7,5,4
2,135,19,46,3,2,2,4444,22534,0,13,3,3,4,11,8,5,10
2,791,1,44,3,3,0,2154,6842,1,11,3,3,2,4,2,0,2
1,1199,4,92,4,1,2,19190,17477,0,14,3,4,2,25,9,14,13
2,648,11,56,2,2,1,4490,21833,0,11,3,4,4,10,9,1,8
1,735,6,66,3,3,1,3506,6020,1,14,3,4,3,3,2,2,2
1,603,7,78,4,2,1,2372,5628,1,16,3,4,3,1,0,0,0
1,531,4,56,2,4,0,10231,20364,0,14,3,4,4,21,7,15,17
1,429,2,53,3,2,0,5410,2323,1,11,3,4,3,16,14,5,12
1,621,15,73,3,4,1,7978,14075,0,11,3,4,3,10,7,0,5
2,193,2,52,2,4,1,3867,14222,1,12,3,2,3,2,2,2,2
2,968,6,40,2,3,0,2838,4257,0,14,3,2,2,7,0,7,7
0,879,9,72,3,3,0,4695,12858,1,18,3,3,3,8,4,1,7
1,806,7,39,3,3,2,3339,17285,1,13,3,1,3,7,7,7,7
1,640,1,84,3,1,0,2080,4732,0,11,3,2,2,3,2,1,2
1,266,1,40,3,2,0,2096,18830,0,18,3,4,2,2,2,2,1
1,604,8,56,4,4,1,6209,11693,0,15,3,3,4,10,7,0,8
2,364,25,83,3,2,0,18061,13035,0,22,4,3,3,0,0,0,0
1,412,13,94,2,2,2,17123,17334,1,13,3,4,3,19,9,15,2
1,848,23,88,3,3,2,2372,26076,0,12,3,4,3,2,2,2,2
1,1089,7,79,3,3,1,4883,22845,0,18,3,1,3,10,4,1,1
1,360,23,93,3,1,0,3904,22154,0,13,3,1,3,5,2,0,3
1,1138,6,48,2,4,1,4627,23631,0,12,3,1,3,9,2,6,7
1,325,10,63,3,3,1,7094,5747,0,12,3,1,3,7,7,1,7
1,991,1,44,3,1,0,3423,22957,0,12,3,3,4,7,6,5,7
0,1476,1,55,1,4,1,6674,16392,0,11,3,1,3,9,8,7,5
1,1322,28,43,3,1,1,16880,22422,1,11,3,2,3,3,2,1,2
1,299,25,57,2,2,0,9094,17235,1,12,3,3,3,5,4,1,0
1,1030,5,64,3,2,0,8446,21534,1,19,3,3,2,8,7,7,7
1,634,17,95,3,1,1,11916,25927,1,23,4,4,3,9,1,0,8
1,524,18,32,3,3,0,4534,13352,0,11,3,1,3,8,7,1,7
0,587,2,57,3,3,2,9852,8935,1,19,3,1,2,10,8,9,6
0,256,10,40,1,2,0,6151,22074,0,13,3,1,3,19,2,11,9
2,1060,1,54,3,2,0,2302,8319,1,11,3,1,4,3,2,2,2
1,935,3,89,3,1,1,2362,14669,0,12,3,3,4,3,2,1,2
0,495,2,37,3,3,1,17861,26582,1,13,3,4,2,20,8,2,10
1,282,2,58,1,3,1,19187,6992,0,14,3,4,3,19,9,9,11
1,206,8,99,3,2,0,19717,4022,0,14,3,1,3,7,3,7,7
0,458,16,74,3,3,2,3544,8532,0,16,3,2,3,4,2,0,0
1,943,9,86,3,4,2,8500,5494,0,11,3,4,2,9,7,1,6
1,523,2,98,3,4,0,4661,22455,0,13,3,3,3,9,8,8,8
2,1018,1,66,3,1,2,4103,4297,0,17,3,4,3,9,3,1,7
2,482,4,87,3,3,0,4249,2690,1,11,3,2,3,9,6,1,1
1,770,5,84,3,2,2,14026,17588,1,11,3,2,3,33,9,0,10
1,1009,2,31,3,1,2,6893,19461,0,15,3,4,3,7,7,1,7
1,507,15,66,3,1,0,6125,23553,0,12,3,4,4,10,8,9,6
1,882,19,67,3,4,1,3669,9075,0,11,3,3,2,3,2,1,2
1,601,7,53,2,1,1,10008,12023,1,14,3,4,2,10,9,5,9
1,329,1,88,3,2,1,2387,6762,0,22,4,3,3,4,2,0,3
2,607,7,83,4,1,1,4639,2261,0,16,3,4,2,15,7,6,13
1,855,4,54,3,4,0,7898,18706,0,11,3,3,3,10,9,0,8
1,1291,11,98,4,4,1,2534,6527,0,14,3,2,3,1,0,0,0
1,1405,11,82,2,2,0,13142,24439,0,16,3,2,2,5,2,0,3
0,1124,1,97,3,4,0,1611,19305,0,15,3,3,4,0,0,0,0
1,817,1,60,2,4,1,5363,10846,0,12,3,2,3,9,7,0,0
2,793,2,43,1,4,0,5071,20392,0,20,4,2,3,6,2,0,0
1,267,13,85,4,3,0,13695,9277,1,17,3,3,2,19,7,3,8
1,1369,23,68,3,2,1,13402,18235,1,12,3,1,3,19,16,15,9
0,999,26,92,2,3,2,2029,15891,0,20,4,3,3,5,4,0,0
1,1202,2,89,4,3,2,6377,13888,0,20,4,2,3,12,11,11,8
1,285,29,86,3,3,1,5429,17491,0,13,3,1,3,8,7,7,7
2,703,2,90,2,4,0,2785,11882,0,14,3,3,4,1,0,0,0
2,662,18,67,3,3,1,4614,23288,1,18,3,3,2,4,2,3,2
2,693,7,57,4,3,2,2610,15748,0,11,3,4,3,4,2,0,3
1,404,2,98,3,4,0,6687,6163,0,11,3,4,4,14,11,4,11
1,736,26,48,2,1,1,4724,24232,0,11,3,3,3,5,3,0,4
1,330,22,98,3,3,1,6179,21057,1,15,3,4,2,10,2,6,7
1,1498,21,44,2,4,1,6120,3567,1,12,3,4,4,5,4,1,4
2,541,2,52,3,2,1,10596,15395,0,11,3,2,3,4,2,3,2
2,1200,22,75,3,4,2,5467,13953,1,14,3,1,2,6,2,3,3
1,1439,4,54,3,3,1,2996,5182,1,15,3,4,3,6,4,1,3
2,1111,5,61,3,4,1,9998,19293,0,13,3,1,4,5,4,1,2
1,499,2,36,3,2,1,4078,20497,1,13,3,1,2,3,2,1,2
0,1485,25,71,3,3,1,10920,3449,0,21,4,2,3,6,4,0,5
1,1372,18,93,4,3,1,6232,12477,0,11,3,2,2,3,2,1,2
2,322,28,59,4,3,1,13247,9731,1,11,3,2,2,5,3,0,2
1,930,6,73,2,3,0,4081,20003,1,14,3,1,1,20,7,1,8
1,205,10,98,2,4,1,5769,7100,1,11,3,4,3,6,2,4,4
1,135,17,51,3,3,0,2394,25681,1,13,3,4,3,8,2,7,7
1,683,2,36,2,4,0,3904,4050,0,12,3,4,3,4,3,1,1
1,1147,10,31,3,1,1,16799,16616,0,14,3,3,3,20,7,0,9
1,258,8,54,3,1,1,2950,17363,0,13,3,3,1,5,4,0,4
1,1462,11,94,3,3,0,3629,19106,0,18,3,1,3,3,2,0,2
2,200,18,60,3,4,0,9362,19944,0,11,3,3,3,2,2,2,2
1,949,1,81,3,4,1,3229,4910,0,11,3,2,2,3,2,0,2
1,652,7,100,4,1,0,3578,23577,0,12,3,4,3,7,7,0,7
1,332,17,51,2,1,0,7988,9769,0,13,3,1,2,10,9,0,9
2,1475,28,97,2,1,0,4284,22710,0,20,4,1,3,4,3,1,3
2,337,14,84,3,4,0,7553,22930,1,12,3,1,3,8,7,7,7
1,971,1,54,3,4,0,17328,5652,0,19,3,4,2,20,7,12,7
1,1055,1,76,3,1,1,19701,22456,1,21,4,3,3,9,8,1,5
1,1136,1,81,4,4,2,14732,12414,0,13,3,4,4,7,7,0,0
1,1174,3,99,3,2,0,9278,20763,1,16,3,4,3,5,4,0,1
2,667,1,50,1,3,0,1359,16154,0,12,3,2,3,1,0,0,0
1,855,7,73,3,1,2,4779,12761,0,14,3,2,3,3,2,0,2
1,182,8,93,3,2,0,16422,8847,0,11,3,3,4,3,2,1,0
2,560,1,91,3,1,2,2996,20284,0,14,3,3,3,4,3,1,3
1,202,8,34,2,2,0,1261,22262,0,12,3,3,4,1,0,0,0
1,1377,11,91,3,1,1,2099,7679,0,14,3,2,4,5,0,1,4
1,172,4,37,2,4,0,5810,22604,0,16,3,3,2,10,4,1,8
1,329,16,98,2,1,1,5647,13494,0,13,3,1,2,3,2,0,2
1,465,1,74,3,4,1,3420,10205,0,12,3,3,2,6,5,1,2
1,383,9,68,2,1,1,4400,15182,0,12,3,1,3,3,2,2,2
0,1413,5,84,4,3,0,3500,25470,0,14,3,1,1,6,5,1,3
1,1255,1,90,3,1,1,2066,10494,0,22,4,4,4,3,2,1,0
1,359,2,82,3,3,1,17169,26703,0,19,3,2,4,20,17,5,6
1,1476,4,42,3,3,1,4162,15211,1,12,3,3,3,5,4,0,3
1,601,7,97,3,4,1,9204,23343,0,12,3,3,2,4,3,0,3
1,401,1,86,2,2,1,3294,3708,0,17,3,1,2,5,4,0,2
1,1283,5,90,4,3,1,2127,5561,1,12,3,1,2,4,2,0,3
0,663,9,81,3,3,2,3975,23099,0,11,3,3,4,8,7,0,7
1,326,8,31,3,4,2,10793,8386,0,18,3,1,3,13,7,9,9
1,377,9,52,3,4,2,10096,15986,0,11,3,1,4,7,7,4,3
0,592,2,54,2,1,0,3646,17181,1,23,4,2,4,1,0,0,0
2,1445,1,100,4,2,0,7446,8931,0,11,3,1,3,10,8,4,7
1,1038,20,95,1,1,2,10851,19863,1,18,3,2,3,7,7,0,7
1,1398,8,96,4,2,0,2109,24609,0,18,3,4,3,3,2,0,2
2,523,2,94,3,4,1,3722,21081,1,13,3,3,1,2,2,2,2
1,1448,29,55,3,4,1,9380,14720,1,18,3,4,4,3,1,1,2
1,1221,7,96,3,1,2,5486,24795,0,11,3,1,3,2,2,2,2
1,1107,9,52,3,3,1,2742,3072,0,15,3,4,3,2,2,2,2
0,218,8,55,2,2,2,13757,25178,0,11,3,3,3,9,8,4,8
1,866,5,84,3,1,0,8463,23490,0,18,3,4,3,5,4,1,3
0,981,5,90,2,3,0,3162,7973,0,14,3,4,3,5,2,0,3
1,447,2,39,4,2,0,16598,19764,0,12,3,2,2,9,8,8,8
1,1495,5,96,3,3,1,6651,21534,0,14,3,2,2,3,2,1,2
1,896,2,68,3,3,2,2345,8045,0,14,3,3,4,3,1,1,2
1,1467,20,49,3,2,0,3420,21158,0,13,3,3,2,5,2,1,3
2,430,7,54,3,1,1,4373,17456,0,14,3,1,3,4,3,0,3
1,1326,3,81,1,1,0,4759,15891,0,18,3,4,3,13,9,3,12
1,1358,16,96,3,3,1,5301,2939,0,15,3,3,2,2,1,2,2
2,748,9,74,3,4,0,3673,16458,0,13,3,3,3,12,9,5,8
2,383,1,79,3,3,1,4768,9282,0,12,3,3,2,1,0,0,0
0,990,7,64,3,3,2,1274,7152,0,13,3,2,2,1,0,0,0
1,405,1,93,4,3,1,4900,2721,0,24,4,1,2,12,9,2,8
1,1490,7,35,3,2,2,10466,20948,0,14,3,2,3,8,7,0,7
2,829,15,71,3,1,2,17007,11929,0,14,3,4,2,14,8,6,9
2,1496,1,92,3,3,1,2909,15747,0,15,3,4,4,3,2,1,2
2,115,13,51,3,2,0,5765,17485,0,11,3,1,1,5,3,0,0
1,790,24,40,2,2,0,4599,7815,1,23,4,3,4,15,9,10,10
1,660,7,76,3,3,1,2404,16192,0,13,3,1,3,1,0,0,0
2,381,9,89,3,1,0,3172,16998,1,11,3,3,2,0,0,0,0
0,830,13,78,3,2,1,2033,7103,0,13,3,3,3,1,0,0,0
2,1193,2,86,3,3,0,10209,19719,1,18,3,2,2,2,2,2,2
1,1246,19,77,2,3,2,8620,23757,0,14,3,3,3,10,7,0,4
1,330,1,46,3,3,2,2064,15428,0,21,4,1,4,5,3,1,3
1,1229,4,30,3,3,1,4035,16143,1,16,3,2,3,3,2,1,2
1,1099,4,82,2,2,1,3838,8192,0,11,3,4,3,5,4,0,2
1,571,14,78,3,3,1,4591,24200,1,17,3,3,2,5,4,1,2
2,289,2,38,2,1,0,2561,5355,0,11,3,3,2,0,0,0,0
1,1423,1,72,2,3,2,1563,12530,0,14,3,4,1,1,0,0,0
2,467,7,55,3,1,0,4898,11827,0,14,3,4,3,4,2,1,3
1,271,3,43,2,1,1,4789,23070,0,25,4,1,3,3,2,1,2
2,410,2,97,3,2,1,3180,4668,0,13,3,3,3,3,2,0,2
1,1083,29,96,1,2,1,6549,3173,0,14,3,2,2,8,6,1,7
1,516,8,69,3,3,0,6388,22049,1,17,3,1,3,0,0,0,0
1,495,10,64,3,4,0,11244,21072,0,25,4,2,4,5,2,0,0
2,1050,11,87,3,4,2,16032,24456,0,20,4,1,3,14,9,1,12
1,224,1,100,2,1,0,2362,7568,0,13,3,3,1,9,7,0,7
1,136,28,32,3,1,1,16328,22074,0,13,3,3,4,20,6,14,17
1,1089,6,32,3,2,0,8376,9150,0,18,3,4,3,2,0,2,2
1,228,3,51,3,2,1,16606,11380,0,12,3,4,4,13,12,5,1
1,1029,16,91,2,2,0,8606,21195,0,19,3,4,1,11,8,3,3
1,507,20,97,3,3,0,2272,24812,0,14,3,2,3,4,3,1,2
1,676,9,86,3,1,0,2018,21831,0,14,3,2,1,5,4,1,0
1,971,1,64,2,3,1,7083,12288,1,14,3,4,3,10,9,8,6
2,561,3,33,3,3,0,4084,4156,0,12,3,1,1,7,2,7,7
2,333,22,88,1,4,0,14411,24450,1,13,3,4,3,32,6,13,9
1,1440,7,55,3,3,1,2308,4944,1,25,4,2,3,11,10,5,7
1,1210,2,68,2,2,1,4841,24052,0,14,3,2,3,1,0,0,0
1,674,13,47,3,4,1,4285,3031,0,17,3,1,3,10,8,3,7
1,441,8,39,1,1,1,9715,7288,0,13,3,3,3,7,7,0,7
1,575,25,44,2,2,0,4320,24152,0,13,3,4,3,5,3,0,2
1,950,28,97,3,4,1,2132,4585,0,20,4,4,3,5,4,0,3
2,288,2,40,3,4,1,10124,18611,1,14,3,3,1,20,8,13,9
1,1342,9,47,3,1,1,5473,19345,0,12,3,4,4,8,4,7,1
1,589,28,79,3,3,1,5207,22949,1,12,3,2,3,15,14,5,7
1,898,6,38,3,4,0,16437,17381,1,21,4,4,3,21,7,7,7
1,350,21,57,2,1,2,2296,10036,0,14,3,2,3,1,1,0,0
0,1142,8,72,3,4,2,4069,8841,1,18,3,3,3,2,2,2,2
1,538,1,66,3,2,2,7441,20933,0,12,3,1,3,10,8,7,7
1,1402,28,98,2,3,1,2430,26204,0,23,4,1,3,5,3,4,2
1,824,5,67,2,2,1,5878,15624,0,12,3,1,3,7,1,2,5
1,1157,2,70,3,4,0,2644,17001,1,21,4,4,2,3,2,1,2
1,492,16,96,3,3,2,6439,13693,0,14,3,3,3,8,7,7,7
1,598,9,91,4,3,1,2451,22376,0,18,3,1,2,1,0,0,0
1,1242,8,46,3,1,1,6392,10589,0,13,3,4,1,2,2,2,2
1,740,1,64,2,1,1,9714,5323,0,11,3,4,3,10,8,6,7
2,888,10,71,3,3,1,6077,14814,0,11,3,3,3,6,3,1,2
1,992,1,68,2,1,0,2450,21731,0,19,3,2,3,3,0,1,2
1,1288,29,33,3,2,1,9250,17799,0,12,3,2,3,4,2,1,3
1,104,2,69,3,1,2,2074,26619,1,12,3,4,3,1,0,0,0
1,607,2,78,2,4,1,10169,14618,0,16,3,2,3,33,7,1,9
1,903,2,81,3,2,1,4855,7653,0,11,3,1,3,5,2,1,4
0,1200,1,62,3,1,1,4087,25174,0,14,3,2,2,6,5,1,2
1,1108,15,65,3,1,1,2367,16530,0,12,3,4,2,8,2,7,6
1,479,7,35,3,4,0,2972,22061,0,13,3,3,1,1,0,0,0
1,685,26,60,2,4,1,19586,23037,0,21,4,3,3,36,6,2,13
1,1351,1,45,3,4,1,5484,13008,0,17,3,2,2,2,2,2,1
1,474,3,89,3,4,1,2061,11133,0,21,4,1,3,1,0,0,0
1,1245,14,80,3,2,1,9924,12355,0,11,3,4,3,9,8,7,7
1,437,16,90,3,2,0,4198,16379,0,12,3,2,4,3,2,1,2
1,884,1,73,3,3,0,6815,21447,0,13,3,1,3,1,0,0,0
1,1370,3,87,3,1,0,4723,16213,1,18,3,4,3,10,9,1,5
1,670,10,51,3,3,0,6142,4223,1,16,3,3,3,5,2,0,4
1,1462,6,38,4,3,1,8237,4658,0,11,3,1,3,7,6,7,6
2,995,2,87,3,4,2,8853,24483,0,19,3,4,4,6,4,1,3
1,264,9,59,3,3,1,19331,19519,1,16,3,3,3,1,0,0,0
1,977,10,45,4,3,1,2073,12826,0,16,3,4,3,2,2,2,2
2,1302,6,80,4,1,1,5562,19711,1,13,3,4,3,3,2,0,2
1,1059,9,93,2,4,0,19613,26362,0,22,4,4,3,1,0,0,1
1,750,28,46,4,3,1,3407,25348,0,17,3,4,2,10,9,6,8
2,653,10,92,2,3,1,5063,15332,0,14,3,2,2,8,2,7,7
1,118,14,84,3,1,1,4639,11262,0,15,3,3,3,5,4,1,2
1,990,27,87,4,2,2,4876,5855,0,12,3,3,3,6,4,0,2
1,1349,7,63,2,4,1,2690,7713,0,18,3,4,2,1,0,0,1
1,563,1,56,4,1,0,17567,3156,0,15,3,2,1,26,0,0,12
1,329,24,51,3,2,1,2408,7324,1,17,3,3,3,1,1,0,0
0,457,26,85,2,3,1,2814,10293,1,14,3,2,2,4,2,1,3
2,1234,20,41,3,3,1,11245,20689,1,15,3,3,3,30,8,12,13
1,634,5,35,4,4,1,3312,18783,0,17,3,4,3,3,2,0,2
1,1313,7,31,3,4,2,19049,3549,1,14,3,4,2,22,7,1,10
1,241,7,48,2,2,1,2141,5348,0,12,3,2,2,6,4,1,1
1,1015,5,50,1,1,0,5769,23447,1,14,3,1,3,10,7,1,4
0,336,26,52,2,1,1,4385,24162,0,15,3,1,3,10,7,4,5
2,715,2,54,3,1,0,5332,21602,0,13,3,4,3,5,2,0,3
1,559,12,76,3,3,1,4663,12421,1,12,3,2,3,3,2,1,1
2,426,10,42,4,4,2,4724,17000,0,13,3,1,3,9,7,7,2
1,722,25,84,3,1,1,3211,22102,0,14,3,4,2,9,6,1,4
1,1387,10,76,3,1,1,5377,3835,0,13,3,4,3,7,7,7,7
1,1302,19,67,2,1,2,4066,16290,0,11,3,1,3,7,7,0,7
1,819,18,48,4,1,1,5208,26312,0,11,3,4,3,16,15,1,10
1,580,27,39,1,1,2,4877,20460,0,21,4,2,2,5,3,0,0
1,546,5,97,3,4,0,3117,26009,0,18,3,3,3,2,2,2,2
2,544,3,70,3,4,0,1569,18420,1,12,3,3,4,0,0,0,0
1,1176,26,98,3,3,1,19658,5220,0,11,3,3,3,5,2,1,0
1,170,3,76,2,3,2,3069,10302,0,15,3,4,3,10,8,0,7
1,884,15,80,2,3,1,10435,25800,0,13,3,4,3,18,15,14,12
0,208,8,52,3,3,1,4148,12250,0,12,3,4,3,14,11,2,9
1,671,19,85,3,3,1,5768,26493,0,17,3,1,2,4,3,0,2
2,711,4,81,3,3,0,5042,3140,0,13,3,4,1,9,2,3,8
1,1329,2,59,2,4,2,5770,5388,0,19,3,1,3,10,7,3,9
1,397,2,54,2,3,1,7756,14199,1,19,3,4,4,5,4,0,2
1,737,10,55,2,1,1,10306,21530,0,17,3,3,3,13,12,6,0
1,1470,10,71,3,2,1,3936,9953,0,11,3,1,1,8,4,7,7
1,448,16,84,3,4,0,7945,19948,1,15,3,4,2,4,2,3,3
2,602,1,37,3,4,1,5743,10503,1,11,3,3,3,10,7,0,2
2,365,4,89,2,4,1,15202,5602,0,25,4,2,3,2,2,2,2
1,763,15,59,1,4,2,5440,22098,1,14,3,4,2,2,2,2,2
2,567,2,32,3,4,0,3760,17218,1,13,3,3,3,6,3,1,3
1,486,8,86,4,3,1,3517,22490,0,17,3,1,3,3,2,0,2
2,591,2,87,3,4,0,2580,6297,0,13,3,3,2,4,2,1,2
1,1329,7,73,3,1,0,2166,3339,1,14,3,2,1,4,2,0,3
1,469,10,42,2,3,0,5869,23413,0,11,3,3,3,5,2,1,4
1,711,5,42,3,1,1,8008,22792,0,12,3,3,3,3,2,0,2
2,772,2,77,4,3,2,5206,4973,0,17,3,3,3,7,7,0,7
1,492,12,66,3,2,1,5295,7693,0,21,4,3,3,5,4,1,0
1,301,22,72,3,2,1,16413,3498,0,16,3,2,3,4,2,1,2
1,813,17,50,2,1,2,13269,21981,0,15,3,3,3,14,11,1,11
1,1141,2,31,3,3,0,2783,13251,0,19,3,1,3,2,2,2,2
1,1130,3,66,3,2,2,5433,19332,0,12,3,3,3,11,8,7,9
1,311,7,77,3,2,0,2013,10950,0,11,3,3,3,4,3,1,3
1,465,6,41,2,3,1,13966,11652,1,19,3,2,3,15,11,2,12
0,894,1,33,2,3,1,4374,15411,0,15,3,3,3,3,2,1,2
1,1040,3,79,4,1,2,6842,26308,0,20,4,1,3,5,4,0,4
1,584,22,91,3,3,1,17426,18685,0,25,4,3,3,10,8,4,7
1,1291,15,65,2,3,1,17603,3525,0,24,4,1,3,14,10,6,11
2,880,12,36,3,4,0,4581,10414,1,24,4,1,4,11,9,6,7
2,1189,1,90,3,4,1,4735,9867,0,15,3,4,4,13,11,2,9
1,991,5,43,2,2,2,4187,3356,1,13,3,2,2,10,0,0,9
1,392,2,93,3,4,2,5505,3921,0,14,3,3,3,6,2,0,4
1,977,2,45,3,2,2,5470,25518,0,13,3,3,2,9,5,1,6
1,1112,5,67,3,4,1,5476,22589,0,11,3,1,3,10,0,0,2
1,464,16,74,3,1,2,2587,24941,1,16,3,2,2,2,2,2,2
2,148,2,42,2,2,0,2440,23826,0,22,4,2,3,4,3,3,3
1,1225,2,47,4,2,2,15972,21086,0,14,3,3,3,3,2,1,2
1,809,1,36,3,3,0,15379,22384,0,14,3,1,3,8,7,0,0
1,1206,23,80,3,3,0,7082,11591,1,16,3,4,3,2,0,0,2
1,727,9,54,3,1,0,2728,21082,0,11,3,1,3,2,2,0,2
0,530,16,36,3,4,2,5368,16130,1,25,4,3,3,6,5,1,2
1,1351,26,80,3,3,1,5347,7419,0,14,3,2,2,3,2,0,2
1,528,1,44,3,4,2,3195,4167,1,18,3,1,3,2,2,2,2
1,1320,8,93,2,3,0,3989,20586,1,11,3,1,3,5,4,1,2
1,1495,4,87,3,3,1,3306,26176,0,19,3,4,2,0,0,0,0
1,1395,24,48,4,4,1,7005,3458,0,15,3,3,3,4,3,1,2
2,708,7,95,3,3,1,2655,11740,1,11,3,3,3,9,7,7,7
1,1259,2,95,3,2,0,1393,24852,0,12,3,1,3,1,0,0,0
0,786,7,76,3,4,0,2570,11925,0,20,4,3,3,7,7,5,7
1,1441,22,94,2,2,2,3537,23737,0,12,3,4,3,4,2,1,2
1,1157,5,57,2,4,1,3986,11912,0,14,3,3,4,15,10,4,13
1,370,1,92,1,4,2,10883,20467,0,20,4,3,4,1,0,0,0
1,267,21,79,4,2,1,2028,13637,0,18,3,4,3,14,11,2,13
2,1278,1,31,1,4,2,9525,7677,0,14,3,3,2,6,3,1,3
1,678,19,35,2,4,1,2929,20338,0,12,3,2,3,10,9,8,7
1,427,7,99,3,4,2,2275,25103,1,21,4,2,3,3,2,0,2
1,921,2,96,4,4,1,7879,14810,1,19,3,2,3,8,7,6,7
2,146,2,79,2,4,0,4930,13970,1,14,3,3,4,5,4,1,4
1,1179,2,73,3,4,1,7847,6069,1,17,3,1,3,10,9,8,8
1,581,9,62,4,3,1,4401,17616,0,16,3,4,3,5,3,0,4
1,918,6,35,3,3,0,9241,15869,0,12,3,2,3,10,8,8,7
1,1082,9,43,3,3,1,2974,25412,0,17,3,3,3,5,3,1,2
1,530,2,51,3,4,0,4502,7439,0,15,3,3,2,13,7,6,7
0,1238,1,74,2,3,1,10748,3395,0,23,4,4,2,23,15,14,4
1,240,22,58,1,3,1,1555,11585,0,11,3,3,3,1,0,0,0
2,1093,9,82,1,3,1,12936,24164,0,11,3,3,1,23,5,14,10
1,390,17,62,1,3,1,2305,6217,0,15,3,3,4,3,2,0,2
1,1005,28,48,2,2,0,16704,17119,0,11,3,3,3,21,6,8,6
2,585,10,56,3,3,1,3433,17360,0,13,3,1,2,5,2,1,3
1,741,2,69,3,3,1,3477,18103,0,14,3,4,4,5,2,0,3
0,552,4,60,1,2,1,6430,20794,0,19,3,2,3,3,2,1,2
1,369,8,92,3,1,1,6516,5041,1,16,3,2,3,1,0,0,0
1,506,29,91,3,1,2,3907,3622,0,13,3,2,4,6,2,1,2
1,717,13,34,3,2,0,5562,9697,0,14,3,4,3,10,7,0,9
1,1370,27,49,3,3,1,6883,5151,0,16,3,2,3,7,7,0,7
1,793,16,33,3,4,1,2862,3811,0,12,3,2,2,10,0,0,8
0,543,2,87,3,2,1,4978,3536,0,11,3,4,1,1,0,0,0
1,1277,2,74,3,4,2,10368,5596,1,12,3,2,2,10,6,0,3
1,1456,13,96,2,1,2,6134,8658,1,13,3,2,3,2,2,2,2
1,964,1,34,1,2,0,6735,12147,0,15,3,2,3,0,0,0,0
1,160,4,51,3,2,0,3295,12862,0,13,3,3,1,3,2,1,2
2,163,24,30,3,4,0,5238,6670,0,20,4,4,2,5,4,1,4
0,792,1,77,3,4,1,6472,8989,1,15,3,4,3,9,8,5,8
1,371,19,80,1,3,1,9610,3840,0,13,3,3,1,4,3,0,2
1,611,7,88,3,2,0,19833,4349,0,14,3,2,2,21,8,12,8
1,176,4,56,1,3,1,9756,6595,0,21,4,3,4,5,0,0,3
2,1312,2,78,2,1,0,4968,26427,0,16,3,4,3,9,7,0,7
2,897,10,59,3,4,1,2145,2097,0,14,3,4,3,2,2,2,1
2,600,8,66,2,4,2,2180,9732,0,11,3,3,2,4,2,1,2
1,1003,5,51,3,3,1,8346,20943,0,19,3,3,3,5,2,0,2
1,1054,8,67,3,4,0,3445,6152,0,11,3,3,2,6,2,1,4
1,428,9,52,1,2,0,2760,14630,0,13,3,3,3,2,2,2,2
2,461,1,70,4,3,0,6294,23060,1,12,3,4,4,3,2,0,2
1,979,15,94,2,1,2,7140,3088,0,11,3,1,3,7,7,1,7
1,181,2,97,4,4,1,2932,5586,1,14,3,1,3,5,0,1,2
0,1283,2,62,3,2,0,5147,10697,0,15,3,4,2,11,7,1,7
1,1313,11,80,3,4,0,4507,8191,0,12,3,3,4,5,1,0,4
1,211,16,74,3,1,0,8564,10092,1,20,4,3,2,0,0,0,0
2,594,2,75,2,2,1,2468,15963,0,14,3,2,2,6,1,0,5
1,1079,16,70,3,3,1,8161,19002,0,13,3,1,3,1,0,0,0
1,590,4,91,2,1,2,2109,10007,0,13,3,3,3,1,0,0,0
1,305,16,58,4,3,1,5294,9128,0,16,3,3,3,7,0,1,7
0,953,5,65,3,2,0,2718,17674,0,14,3,2,3,7,7,0,7
1,833,18,60,1,4,1,5811,24539,1,16,3,3,3,1,0,1,0
2,807,17,38,2,3,1,2437,15587,1,16,3,4,3,1,0,0,0
1,855,12,57,3,2,2,2766,8952,0,22,4,2,2,5,3,0,4
1,478,2,60,2,1,1,19038,19805,0,12,3,2,3,1,0,0,0
0,775,4,90,3,2,2,3055,6194,0,15,3,4,2,9,8,1,7
1,548,9,94,3,1,2,2289,20520,0,20,4,2,3,5,3,0,4
0,1375,10,87,3,3,2,4001,12313,1,14,3,3,3,15,14,0,7
0,661,1,60,2,3,1,12965,22308,1,20,4,4,2,3,2,0,2
1,244,2,97,3,4,0,3539,5033,0,13,3,2,3,9,7,1,8
1,511,3,32,1,4,0,6029,25353,0,12,3,1,3,2,2,2,2
1,337,7,31,3,2,0,2679,4567,0,13,3,2,3,1,0,1,0
1,1153,6,40,2,3,1,3702,16376,0,11,3,2,3,5,4,0,4
1,1294,8,79,3,1,1,2398,15999,1,17,3,3,3,1,0,0,0
1,196,29,91,2,4,1,5468,13402,0,14,3,1,3,12,7,5,7
1,942,3,53,3,3,1,13116,22984,0,11,3,4,3,2,2,2,2
1,589,9,46,2,2,1,4189,8800,0,14,3,1,3,5,2,0,3
1,734,2,46,3,4,2,19328,14218,1,17,3,3,3,2,1,2,2
1,1383,10,90,3,1,1,8321,25949,1,13,3,4,3,12,8,5,7
2,429,1,99,3,2,2,2342,11092,1,12,3,3,2,5,3,2,3
1,1239,8,89,3,2,2,4071,12832,0,13,3,3,2,10,0,4,7
1,303,27,84,3,4,0,5813,13492,1,18,3,4,3,10,7,7,7
1,867,8,90,4,1,1,3143,6076,0,19,3,2,3,10,8,7,6
1,1181,1,82,3,4,1,2044,5531,0,11,3,3,4,5,3,0,3
1,1253,10,65,3,3,0,13464,7914,0,21,4,3,3,4,3,2,2
0,849,26,98,2,2,0,7991,25166,0,15,3,3,3,2,2,2,2
1,616,2,99,3,1,1,3377,25605,0,17,3,4,2,4,3,0,2
1,1128,13,95,4,1,1,5538,5696,0,18,3,3,2,0,0,0,0
0,1180,2,90,3,4,2,5762,24442,0,14,3,3,3,7,7,1,7
0,1336,2,100,3,2,2,2592,7129,0,13,3,4,3,11,10,3,8
2,234,9,93,3,1,1,5346,6208,0,17,3,3,2,7,1,0,7
1,370,10,58,3,1,0,4213,4992,0,15,3,2,1,10,3,0,8
2,766,20,83,3,4,2,4127,19188,0,18,3,4,3,2,1,2,2
0,343,9,52,3,3,0,2438,24978,0,13,3,3,2,3,2,1,2
1,447,5,85,4,2,0,6870,15530,0,12,3,1,1,3,2,1,2
1,796,4,81,3,3,2,10447,26458,1,13,3,4,4,22,14,13,5
1,1092,10,64,3,3,0,9667,2739,0,14,3,2,3,7,7,0,2
1,920,20,69,3,2,1,2148,6889,1,11,3,3,3,5,1,1,4
1,261,21,66,3,2,1,8926,10842,0,22,4,4,4,9,7,3,7
1,1194,1,52,3,4,2,6513,9060,0,17,3,4,3,5,3,0,3
1,810,8,92,4,3,1,6799,22128,0,21,4,3,3,10,8,4,8
0,350,2,52,3,2,2,16291,22577,0,22,4,4,2,16,9,14,14
1,185,23,91,1,3,1,2705,9696,0,16,3,2,4,5,4,0,3
1,1001,4,92,2,2,2,10333,19271,1,12,3,3,3,22,11,14,10
1,750,12,47,3,1,2,4448,10748,0,12,3,2,3,7,4,7,7
1,431,7,68,3,4,1,6854,15696,0,15,3,2,2,7,1,1,7
2,1125,7,68,3,1,1,9637,8277,0,14,3,4,3,3,2,2,2
1,1217,1,67,3,1,1,3591,12719,0,25,4,3,3,3,2,1,2
1,723,2,77,1,4,1,5405,4244,1,20,4,1,2,4,2,0,3
1,572,10,46,3,4,0,4684,9125,0,13,3,1,3,5,3,1,2
2,1216,15,87,3,3,1,15787,21624,1,14,3,2,3,2,2,2,2
0,1431,14,33,3,3,0,1514,8018,0,16,3,3,1,0,0,0,0
1,359,18,89,4,1,1,2956,21495,0,17,3,3,3,1,0,0,0
1,350,13,56,2,1,2,2335,3157,1,15,3,4,3,2,2,2,0
0,589,2,67,3,3,1,5154,19665,0,22,4,2,4,8,7,5,7
1,430,2,73,3,2,1,6962,19573,1,22,4,4,3,1,0,0,0
2,1422,2,92,3,4,1,5675,19246,0,20,4,3,3,7,7,7,7
2,1297,5,53,3,4,0,2379,19826,1,14,3,3,2,5,4,0,2
2,574,20,40,3,4,1,3812,7003,0,13,3,2,4,11,8,3,10
2,1318,10,79,3,4,0,4648,26075,0,13,3,3,4,0,0,0,0
0,355,10,38,3,3,1,2936,6161,0,22,4,2,2,6,3,3,3
1,207,9,64,3,3,0,2105,5411,0,12,3,3,3,2,2,2,0
1,706,2,82,3,4,2,8578,19989,0,14,3,3,2,9,8,4,7
0,280,1,43,3,4,2,2706,10494,0,15,3,2,3,3,2,2,2
1,726,29,93,1,3,2,6384,21143,0,17,3,4,3,7,0,1,6
1,1142,8,81,3,3,0,3968,13624,0,13,3,4,3,0,0,0,0
1,414,2,82,2,2,0,9907,26186,1,12,3,3,2,2,2,2,2
1,1319,3,45,4,1,2,13225,7739,0,12,3,4,3,19,17,2,8
1,728,23,36,2,3,1,3540,7018,0,21,4,4,3,9,8,5,8
1,352,6,87,2,2,1,2804,15434,0,11,3,4,3,1,0,0,0
1,823,6,81,2,3,1,19392,22539,0,13,3,4,3,16,12,6,14
1,1224,10,91,2,2,1,19665,13583,0,12,3,4,3,22,10,12,9
2,459,24,73,2,4,0,2439,14753,1,24,4,2,2,1,0,1,0
1,1254,10,64,3,2,1,7314,14011,0,21,4,3,3,8,7,0,7
2,1131,15,77,2,1,1,4774,23844,0,19,3,4,2,7,6,7,3
1,835,19,41,3,4,2,3902,5141,0,14,3,2,3,2,2,2,2
1,836,2,98,2,4,1,2662,7975,0,20,4,2,4,5,2,0,4
1,1172,3,78,3,2,1,2856,3692,0,19,3,4,3,1,0,0,0
1,945,9,89,3,4,0,1081,16019,0,13,3,3,2,1,0,0,0
1,391,7,75,3,2,0,2472,26092,1,23,4,1,3,1,0,0,0
1,1266,10,63,2,3,1,5673,6060,1,13,3,1,3,10,9,1,7
1,311,20,89,3,3,2,4197,18624,0,11,3,1,3,10,8,0,2
1,1480,4,64,3,4,1,9713,24444,1,13,3,4,3,5,3,1,0
1,592,7,59,3,1,0,2062,19384,0,14,3,2,3,3,2,1,2
1,783,7,78,3,1,1,4284,13588,1,22,4,3,3,5,3,0,4
1,219,16,44,2,2,1,4788,25388,1,11,3,4,3,3,2,0,2
1,556,25,93,2,4,1,5906,23888,0,13,3,4,2,9,8,3,8
2,1213,2,94,2,4,0,3886,4223,0,21,4,4,2,10,1,0,8
1,1137,1,98,3,1,2,16823,18991,0,11,3,1,3,19,7,11,16
1,482,1,90,2,3,1,2933,14908,1,13,3,3,2,1,0,1,0
1,511,2,89,4,3,0,6500,26997,0,14,3,2,2,8,7,0,7
2,117,22,58,3,4,2,17174,2437,0,11,3,2,3,22,17,4,7
1,170,1,78,4,1,1,5033,9364,0,15,3,4,3,2,0,2,2
0,967,16,85,1,1,1,2307,14460,1,23,4,2,3,5,2,3,0
1,1162,24,97,3,4,0,2587,10261,0,16,3,4,3,4,2,1,0
1,335,17,33,2,2,1,5507,16822,0,16,3,3,1,4,2,1,3
1,337,8,54,3,2,1,4393,26841,0,21,4,3,3,5,4,1,4
1,1396,6,83,3,1,1,13348,14842,0,13,3,2,4,13,7,5,7
1,1079,10,86,3,4,2,6583,20115,1,11,3,4,3,5,2,1,4
1,735,3,75,2,4,1,8103,16495,1,12,3,3,2,4,2,0,1
1,471,4,62,4,3,2,3978,16031,0,12,3,2,2,2,2,2,2
2,1096,6,61,4,4,1,2544,7102,0,18,3,1,3,7,7,7,7
2,1297,1,44,3,3,0,5399,14511,0,12,3,3,3,4,2,0,3
1,217,10,43,3,3,0,5487,10410,0,14,3,2,2,10,4,0,9
2,783,1,42,2,4,1,6834,19255,1,12,3,3,3,7,7,0,7
2,746,24,45,4,1,0,1091,10642,0,17,3,4,3,1,0,0,0
0,1251,21,32,1,3,1,5736,3987,0,19,3,3,3,3,2,1,2
1,1354,2,41,3,2,1,2226,6073,0,11,3,3,2,5,3,1,2
2,735,22,86,2,4,1,5747,26496,1,15,3,2,3,15,10,6,11
1,1475,13,84,3,3,0,9854,23352,1,11,3,4,3,2,0,2,2
0,1169,14,64,3,2,1,5467,2125,0,18,3,3,4,8,7,1,7
1,1443,11,89,2,1,1,5380,20328,0,16,3,3,3,0,0,0,0
1,867,9,87,3,1,1,5151,12315,0,25,4,4,3,10,0,7,9
2,1394,8,58,2,2,2,2133,18115,1,16,3,3,3,20,11,0,7
1,605,21,72,3,4,1,17875,11761,1,13,3,3,2,1,0,0,0
2,238,5,47,4,3,0,2432,15318,1,14,3,1,3,4,1,0,3
1,1206,9,71,3,4,2,4771,14293,0,19,3,4,4,5,2,0,3
2,1064,2,42,3,4,1,19161,13738,0,15,3,4,3,5,4,4,3
1,419,12,77,3,4,2,5087,2900,1,12,3,3,3,0,0,0,0
2,1337,22,58,2,2,1,2863,19555,0,12,3,1,3,1,0,0,0
1,682,18,71,3,1,1,5561,15975,0,16,3,4,1,5,3,0,4
0,1103,16,49,3,3,0,2144,2122,0,14,3,3,2,5,3,1,4
0,976,3,48,3,1,2,3065,3995,1,13,3,4,4,4,2,2,3
0,1351,9,66,4,2,1,2810,9238,0,22,4,2,3,5,4,0,2
1,937,1,32,3,4,0,9888,6770,0,21,4,1,2,14,8,2,1
1,1239,13,39,3,3,2,8628,22914,0,18,3,3,2,8,7,1,1
1,157,1,95,3,1,0,2867,20006,0,13,3,4,2,7,7,7,6
1,136,1,89,3,1,1,5373,6225,0,12,3,1,2,5,3,0,2
0,1146,15,34,3,4,2,6667,16542,0,18,3,2,3,5,1,1,2
2,1125,1,48,1,1,1,5003,5771,0,21,4,2,3,10,8,8,7
1,1404,17,32,2,4,2,2367,18779,0,12,3,1,2,4,1,0,3
1,1404,1,59,2,1,0,2858,11473,0,14,3,1,2,1,0,0,0
1,1224,7,55,3,4,1,5204,13586,1,11,3,4,3,10,8,0,9
1,954,9,44,3,4,0,4105,5099,0,14,3,1,3,7,7,0,7
1,1373,5,56,2,4,0,9679,10138,0,24,4,2,3,1,0,0,0
2,754,26,63,3,4,1,5617,21075,1,11,3,3,3,10,7,0,8
1,1168,24,66,3,1,0,10448,5843,1,13,3,2,2,2,2,2,2
1,155,9,67,3,3,1,2897,22474,0,11,3,3,2,4,3,2,3
2,1303,7,36,3,3,2,5968,18079,0,20,4,3,3,9,7,2,8
1,574,11,30,3,3,1,7510,16873,0,17,3,2,3,10,9,0,9
2,1444,1,88,3,2,1,2991,5224,1,11,3,2,3,6,2,1,2
1,189,26,71,4,2,1,19636,25811,1,18,3,1,3,10,9,1,4
1,1276,2,59,1,4,2,1129,17536,1,11,3,3,3,1,0,0,0
1,119,15,77,3,1,0,13341,25098,0,12,3,1,3,20,8,11,10
0,335,23,37,2,3,0,4332,14811,0,12,3,4,3,20,9,3,7
0,697,10,40,3,3,1,11031,26862,0,20,4,3,4,11,7,4,8
1,157,10,77,3,1,0,4440,25198,1,19,3,4,3,5,2,1,4
1,771,1,45,2,3,0,4617,14120,0,12,3,2,2,4,3,1,2
1,571,12,78,3,4,0,2647,13672,0,13,3,3,4,5,2,1,4
2,692,11,73,3,3,1,6323,26849,0,11,3,1,4,10,9,9,4
1,444,2,92,3,2,1,5677,4258,0,14,3,3,3,11,8,5,10
1,309,2,82,3,2,1,2187,19655,0,14,3,3,3,2,0,1,2
1,911,1,76,3,2,1,3748,4077,0,13,3,3,2,12,8,1,7
1,977,2,57,3,3,2,3977,7298,1,19,3,3,2,2,2,0,2
1,1180,25,84,3,3,0,8633,13084,0,23,4,2,3,17,14,12,11
0,1313,1,59,2,3,2,2008,20439,0,12,3,3,2,1,1,0,0
1,1321,1,86,3,2,1,4440,7636,0,15,3,1,3,15,13,5,8
1,1154,2,54,3,3,1,3067,6393,0,19,3,3,3,2,2,1,2
2,508,6,72,2,3,1,5321,14284,0,11,3,4,3,8,3,7,7
1,557,18,35,3,1,2,5410,11189,1,17,3,3,2,4,3,1,2
1,642,1,76,3,4,1,2782,21412,0,22,4,1,3,5,3,1,0
0,1162,1,98,3,2,1,11957,17231,0,18,3,1,1,13,8,5,12
1,1490,11,43,3,3,1,2660,20232,1,11,3,3,3,2,2,2,2
1,581,1,63,3,3,0,3375,17624,0,12,3,4,4,3,2,1,2
1,1395,9,48,3,3,0,5098,18698,0,19,3,2,3,10,7,0,8
1,501,15,95,3,4,1,4878,21653,1,13,3,1,3,9,7,8,1
1,267,29,49,2,2,0,2837,15919,0,13,3,3,3,6,2,4,1
1,543,1,83,3,4,1,2406,4060,0,19,3,3,2,1,0,0,0
1,234,1,68,2,2,1,2269,18024,0,14,3,2,3,2,2,2,2
1,116,24,52,3,4,0,4108,5340,0,13,3,1,3,7,7,1,7
1,201,10,99,1,3,1,13206,3376,0,12,3,1,3,18,16,1,11
1,801,1,48,3,4,1,10422,24032,0,19,3,3,3,14,10,5,7
1,161,10,42,4,4,1,13744,15471,1,25,4,1,3,16,11,6,8
1,1382,8,85,3,3,2,4907,13684,1,22,4,2,2,5,3,0,4
0,585,29,40,3,4,2,3482,19788,0,15,3,2,2,9,8,0,0
1,1037,1,42,3,4,0,2436,13422,1,12,3,3,3,4,3,1,2
1,501,5,58,3,1,0,2380,25479,1,11,3,4,3,2,2,1,2
0,105,9,87,3,4,0,19431,15302,0,13,3,3,2,6,0,1,3
2,638,9,33,3,1,1,1790,26956,0,19,3,1,2,1,0,1,0
1,557,3,94,2,4,1,7644,12695,0,19,3,3,3,9,7,3,4
2,688,4,97,3,2,2,5131,9192,0,13,3,2,3,4,2,0,2
0,667,1,57,3,3,2,6306,26236,0,21,4,1,2,13,12,1,9
1,1092,1,36,3,4,1,4787,26124,1,14,3,2,4,2,2,2,2
1,300,2,56,3,3,1,18880,17312,0,11,3,1,2,22,6,4,14
1,310,7,72,3,3,1,2339,3666,0,11,3,4,1,10,9,9,8
1,582,28,60,2,2,1,13570,5640,0,23,4,3,3,20,7,0,10
1,704,28,95,2,3,1,6712,8978,0,21,4,4,3,8,7,1,7
0,301,15,88,1,4,2,5406,10436,0,24,4,1,2,15,12,11,11
1,930,3,57,2,2,2,8938,12227,0,11,3,3,3,5,4,0,4
1,529,2,78,3,1,0,2439,11288,0,14,3,4,3,4,2,1,2
1,1146,26,31,3,4,0,8837,16642,1,16,3,3,3,9,0,1,7
1,345,10,100,3,4,1,5343,5982,0,11,3,3,3,10,7,1,9
2,878,1,94,3,3,2,6728,14255,0,12,3,4,3,6,3,0,1
1,1120,11,100,2,4,1,6652,14369,0,13,3,1,2,6,3,0,0
1,374,20,50,3,3,0,4850,23333,0,15,3,3,3,5,3,0,1
1,1322,2,52,2,3,0,2809,2725,0,14,3,4,3,2,2,2,2
2,1199,18,80,3,3,1,5689,24594,1,14,3,4,4,10,2,0,2
1,1194,2,98,3,3,1,2001,12549,0,14,3,2,3,5,3,0,2
1,287,1,62,1,4,1,2977,8952,0,12,3,4,3,4,3,1,1
1,1378,13,46,2,2,1,4025,23679,1,13,3,1,3,4,3,0,3
1,468,28,73,2,1,0,3785,8489,0,14,3,2,1,5,4,0,4
1,410,28,39,2,1,2,10854,16586,1,13,3,2,3,3,2,2,0
1,722,24,60,2,4,1,12031,8828,0,11,3,1,2,20,9,9,6
0,325,5,74,3,1,0,9936,3787,0,19,3,2,3,9,4,1,7
1,1167,5,30,2,3,0,2966,21378,0,18,3,4,3,4,2,0,0
2,884,23,41,4,4,1,2571,12290,0,17,3,3,3,5,2,0,3
1,613,6,42,2,1,1,9991,21457,0,15,3,1,3,7,7,1,7
1,155,4,87,4,2,1,6142,5174,1,20,4,2,3,6,2,0,3
2,1023,2,63,2,2,1,5390,13243,0,14,3,4,2,9,6,0,8
1,628,8,82,4,3,1,4404,10228,0,12,3,1,4,4,3,1,2
